2026-08-11 05:55:45 WARN  [HikariPool-1:housekeeper] com.zaxxer.hikari.pool.HikariPool - HikariPool-1 - Thread starvation or clock leap detected (housekeeper delta=8h14m10s761ms457µs600ns).
2026-08-11 09:01:56 WARN  [HikariPool-1:housekeeper] com.zaxxer.hikari.pool.HikariPool - HikariPool-1 - Thread starvation or clock leap detected (housekeeper delta=3h6m17s180ms992µs100ns).
2026-08-11 09:02:14 DEBUG [http-nio-8081-exec-10] o.s.security.web.FilterChainProxy - Securing OPTIONS /api/v1/projects
2026-08-11 09:02:14 DEBUG [http-nio-8081-exec-3] o.s.security.web.FilterChainProxy - Securing OPTIONS /api/v1/projects
2026-08-11 09:02:14 DEBUG [http-nio-8081-exec-9] o.s.security.web.FilterChainProxy - Securing GET /api/v1/projects
2026-08-11 09:02:14 DEBUG [http-nio-8081-exec-9] o.s.security.web.FilterChainProxy - Secured GET /api/v1/projects
2026-08-11 09:02:14 DEBUG [http-nio-8081-exec-1] o.s.security.web.FilterChainProxy - Securing GET /api/v1/projects
2026-08-11 09:02:14 DEBUG [http-nio-8081-exec-1] o.s.security.web.FilterChainProxy - Secured GET /api/v1/projects
2026-08-11 09:02:22 DEBUG [http-nio-8081-exec-6] o.s.security.web.FilterChainProxy - Securing OPTIONS /api/v1/projects
2026-08-11 09:02:23 DEBUG [http-nio-8081-exec-2] o.s.security.web.FilterChainProxy - Securing GET /api/v1/projects
2026-08-11 09:02:23 DEBUG [http-nio-8081-exec-2] o.s.security.web.FilterChainProxy - Secured GET /api/v1/projects
2026-08-11 09:02:24 DEBUG [http-nio-8081-exec-4] o.s.security.web.FilterChainProxy - Securing OPTIONS /api/v1/projects/2
2026-08-11 09:02:24 DEBUG [http-nio-8081-exec-5] o.s.security.web.FilterChainProxy - Securing OPTIONS /api/v1/projects/2
2026-08-11 09:02:24 DEBUG [http-nio-8081-exec-8] o.s.security.web.FilterChainProxy - Securing GET /api/v1/projects/2
2026-08-11 09:02:24 DEBUG [http-nio-8081-exec-8] o.s.security.web.FilterChainProxy - Secured GET /api/v1/projects/2
2026-08-11 09:02:24 DEBUG [http-nio-8081-exec-7] o.s.security.web.FilterChainProxy - Securing GET /api/v1/projects/2
2026-08-11 09:02:24 DEBUG [http-nio-8081-exec-3] o.s.security.web.FilterChainProxy - Securing OPTIONS /api/v1/projects/2/members
2026-08-11 09:02:24 DEBUG [http-nio-8081-exec-10] o.s.security.web.FilterChainProxy - Securing GET /api/v1/projects/2/members
2026-08-11 09:02:24 DEBUG [http-nio-8081-exec-7] o.s.security.web.FilterChainProxy - Secured GET /api/v1/projects/2
2026-08-11 09:02:24 DEBUG [http-nio-8081-exec-10] o.s.security.web.FilterChainProxy - Secured GET /api/v1/projects/2/members
2026-08-11 09:02:24 DEBUG [http-nio-8081-exec-9] o.s.security.web.FilterChainProxy - Securing GET /api/v1/projects/2/members
2026-08-11 09:02:24 DEBUG [http-nio-8081-exec-1] o.s.security.web.FilterChainProxy - Securing OPTIONS /api/v1/projects/2/tasks
2026-08-11 09:02:24 DEBUG [http-nio-8081-exec-6] o.s.security.web.FilterChainProxy - Securing GET /api/v1/projects/2/tasks
2026-08-11 09:02:24 DEBUG [http-nio-8081-exec-9] o.s.security.web.FilterChainProxy - Secured GET /api/v1/projects/2/members
2026-08-11 09:02:24 DEBUG [http-nio-8081-exec-6] o.s.security.web.FilterChainProxy - Secured GET /api/v1/projects/2/tasks
2026-08-11 09:02:24 DEBUG [http-nio-8081-exec-2] o.s.security.web.FilterChainProxy - Securing GET /api/v1/projects/2/tasks
2026-08-11 09:02:24 DEBUG [http-nio-8081-exec-2] o.s.security.web.FilterChainProxy - Secured GET /api/v1/projects/2/tasks
2026-08-11 09:02:33 DEBUG [http-nio-8081-exec-4] o.s.security.web.FilterChainProxy - Securing OPTIONS /api/v1/projects
2026-08-11 09:02:33 DEBUG [http-nio-8081-exec-5] o.s.security.web.FilterChainProxy - Securing GET /api/v1/projects
2026-08-11 09:02:33 DEBUG [http-nio-8081-exec-5] o.s.security.web.FilterChainProxy - Secured GET /api/v1/projects
2026-08-11 09:04:05 DEBUG [http-nio-8081-exec-10] o.s.security.web.FilterChainProxy - Securing OPTIONS /api/v1/projects/2
2026-08-11 09:04:05 DEBUG [http-nio-8081-exec-7] o.s.security.web.FilterChainProxy - Securing OPTIONS /api/v1/projects/2
2026-08-11 09:04:05 DEBUG [http-nio-8081-exec-1] o.s.security.web.FilterChainProxy - Securing GET /api/v1/projects/2
2026-08-11 09:04:05 DEBUG [http-nio-8081-exec-1] o.s.security.web.FilterChainProxy - Secured GET /api/v1/projects/2
2026-08-11 09:04:05 DEBUG [http-nio-8081-exec-9] o.s.security.web.FilterChainProxy - Securing GET /api/v1/projects/2
2026-08-11 09:04:05 DEBUG [http-nio-8081-exec-6] o.s.security.web.FilterChainProxy - Securing OPTIONS /api/v1/projects/2/members
2026-08-11 09:04:05 DEBUG [http-nio-8081-exec-2] o.s.security.web.FilterChainProxy - Securing GET /api/v1/projects/2/members
2026-08-11 09:04:05 DEBUG [http-nio-8081-exec-9] o.s.security.web.FilterChainProxy - Secured GET /api/v1/projects/2
2026-08-11 09:04:05 DEBUG [http-nio-8081-exec-2] o.s.security.web.FilterChainProxy - Secured GET /api/v1/projects/2/members
2026-08-11 09:04:05 DEBUG [http-nio-8081-exec-4] o.s.security.web.FilterChainProxy - Securing GET /api/v1/projects/2/members
2026-08-11 09:04:05 DEBUG [http-nio-8081-exec-5] o.s.security.web.FilterChainProxy - Securing OPTIONS /api/v1/projects/2/tasks
2026-08-11 09:04:05 DEBUG [http-nio-8081-exec-8] o.s.security.web.FilterChainProxy - Securing GET /api/v1/projects/2/tasks
2026-08-11 09:04:05 DEBUG [http-nio-8081-exec-4] o.s.security.web.FilterChainProxy - Secured GET /api/v1/projects/2/members
2026-08-11 09:04:05 DEBUG [http-nio-8081-exec-8] o.s.security.web.FilterChainProxy - Secured GET /api/v1/projects/2/tasks
2026-08-11 09:04:05 DEBUG [http-nio-8081-exec-3] o.s.security.web.FilterChainProxy - Securing GET /api/v1/projects/2/tasks
2026-08-11 09:04:05 DEBUG [http-nio-8081-exec-3] o.s.security.web.FilterChainProxy - Secured GET /api/v1/projects/2/tasks
2026-08-11 09:04:21 DEBUG [http-nio-8081-exec-10] o.s.security.web.FilterChainProxy - Securing OPTIONS /api/v1/projects
2026-08-11 09:04:21 DEBUG [http-nio-8081-exec-7] o.s.security.web.FilterChainProxy - Securing GET /api/v1/projects
2026-08-11 09:04:21 DEBUG [http-nio-8081-exec-7] o.s.security.web.FilterChainProxy - Secured GET /api/v1/projects
2026-08-11 09:08:38 DEBUG [http-nio-8081-exec-2] o.s.security.web.FilterChainProxy - Securing OPTIONS /api/v1/projects
2026-08-11 09:08:38 DEBUG [http-nio-8081-exec-9] o.s.security.web.FilterChainProxy - Securing OPTIONS /api/v1/projects
2026-08-11 09:08:38 DEBUG [http-nio-8081-exec-5] o.s.security.web.FilterChainProxy - Securing GET /api/v1/projects
2026-08-11 09:08:38 DEBUG [http-nio-8081-exec-5] o.s.security.web.FilterChainProxy - Secured GET /api/v1/projects
2026-08-11 09:08:38 DEBUG [http-nio-8081-exec-4] o.s.security.web.FilterChainProxy - Securing GET /api/v1/projects
2026-08-11 09:08:38 DEBUG [http-nio-8081-exec-4] o.s.security.web.FilterChainProxy - Secured GET /api/v1/projects
2026-08-11 09:23:16 INFO  [MessageBroker-1] o.s.w.s.c.WebSocketMessageBrokerStats - WebSocketSession[0 current WS(0)-HttpStream(0)-HttpPoll(0), 0 total, 0 closed abnormally (0 connect failure, 0 send limit, 0 transport error)], stompSubProtocol[processed CONNECT(0)-CONNECTED(0)-DISCONNECT(0)], stompBrokerRelay[null], inboundChannel[pool size = 0, active threads = 0, queued tasks = 0, completed tasks = 0], outboundChannel[pool size = 0, active threads = 0, queued tasks = 0, completed tasks = 0], sockJsScheduler[pool size = 2, active threads = 1, queued tasks = 0, completed tasks = 1]
2026-08-11 09:40:45 DEBUG [http-nio-8081-exec-10] o.s.security.web.FilterChainProxy - Securing OPTIONS /api/v1/projects
2026-08-11 09:40:45 DEBUG [http-nio-8081-exec-7] o.s.security.web.FilterChainProxy - Securing GET /api/v1/projects
2026-08-11 09:40:45 DEBUG [http-nio-8081-exec-7] o.s.security.web.FilterChainProxy - Secured GET /api/v1/projects
2026-08-11 09:40:45 DEBUG [http-nio-8081-exec-1] o.s.security.web.FilterChainProxy - Securing GET /api/v1/projects
2026-08-11 09:40:45 DEBUG [http-nio-8081-exec-1] o.s.security.web.FilterChainProxy - Secured GET /api/v1/projects
2026-08-11 09:40:48 WARN  [HikariPool-1:housekeeper] com.zaxxer.hikari.pool.HikariPool - HikariPool-1 - Thread starvation or clock leap detected (housekeeper delta=2m51s949ms294µs700ns).
2026-08-11 09:50:13 WARN  [HikariPool-1:housekeeper] com.zaxxer.hikari.pool.HikariPool - HikariPool-1 - Thread starvation or clock leap detected (housekeeper delta=2m53s588ms97µs800ns).
2026-08-11 09:50:14 DEBUG [http-nio-8081-exec-9] o.s.security.web.FilterChainProxy - Securing OPTIONS /api/v1/projects
2026-08-11 09:50:14 DEBUG [http-nio-8081-exec-2] o.s.security.web.FilterChainProxy - Securing GET /api/v1/projects
2026-08-11 09:50:14 DEBUG [http-nio-8081-exec-2] o.s.security.web.FilterChainProxy - Secured GET /api/v1/projects
2026-08-11 09:50:14 DEBUG [http-nio-8081-exec-5] o.s.security.web.FilterChainProxy - Securing GET /api/v1/projects
2026-08-11 09:50:14 DEBUG [http-nio-8081-exec-5] o.s.security.web.FilterChainProxy - Secured GET /api/v1/projects
2026-08-11 09:58:31 INFO  [MessageBroker-2] o.s.w.s.c.WebSocketMessageBrokerStats - WebSocketSession[0 current WS(0)-HttpStream(0)-HttpPoll(0), 0 total, 0 closed abnormally (0 connect failure, 0 send limit, 0 transport error)], stompSubProtocol[processed CONNECT(0)-CONNECTED(0)-DISCONNECT(0)], stompBrokerRelay[null], inboundChannel[pool size = 0, active threads = 0, queued tasks = 0, completed tasks = 0], outboundChannel[pool size = 0, active threads = 0, queued tasks = 0, completed tasks = 0], sockJsScheduler[pool size = 3, active threads = 1, queued tasks = 0, completed tasks = 2]
2026-08-11 10:43:59 WARN  [HikariPool-1:housekeeper] com.zaxxer.hikari.pool.HikariPool - HikariPool-1 - Thread starvation or clock leap detected (housekeeper delta=43m45s889ms989µs100ns).
2026-08-11 10:48:13 WARN  [HikariPool-1:housekeeper] com.zaxxer.hikari.pool.HikariPool - HikariPool-1 - Thread starvation or clock leap detected (housekeeper delta=1m13s811ms886µs100ns).
2026-08-11 11:01:44 DEBUG [http-nio-8081-exec-8] o.s.security.web.FilterChainProxy - Securing OPTIONS /api/v1/projects
2026-08-11 11:01:44 DEBUG [http-nio-8081-exec-3] o.s.security.web.FilterChainProxy - Securing OPTIONS /api/v1/projects
2026-08-11 11:01:44 DEBUG [http-nio-8081-exec-10] o.s.security.web.FilterChainProxy - Securing GET /api/v1/projects
2026-08-11 11:01:44 DEBUG [http-nio-8081-exec-10] o.s.security.web.FilterChainProxy - Secured GET /api/v1/projects
2026-08-11 11:01:44 DEBUG [http-nio-8081-exec-7] o.s.security.web.FilterChainProxy - Securing GET /api/v1/projects
2026-08-11 11:01:45 DEBUG [http-nio-8081-exec-7] o.s.security.web.FilterChainProxy - Secured GET /api/v1/projects
2026-08-11 11:06:53 DEBUG [http-nio-8081-exec-9] o.s.security.web.FilterChainProxy - Securing GET /swagger-ui/index.html
2026-08-11 11:06:53 DEBUG [http-nio-8081-exec-9] o.s.s.w.a.AnonymousAuthenticationFilter - Set SecurityContextHolder to anonymous SecurityContext
2026-08-11 11:06:53 DEBUG [http-nio-8081-exec-9] o.s.security.web.FilterChainProxy - Secured GET /swagger-ui/index.html
2026-08-11 11:06:53 DEBUG [http-nio-8081-exec-2] o.s.security.web.FilterChainProxy - Securing GET /swagger-ui/swagger-ui.css
2026-08-11 11:06:53 DEBUG [http-nio-8081-exec-2] o.s.s.w.a.AnonymousAuthenticationFilter - Set SecurityContextHolder to anonymous SecurityContext
2026-08-11 11:06:53 DEBUG [http-nio-8081-exec-5] o.s.security.web.FilterChainProxy - Securing GET /swagger-ui/index.css
2026-08-11 11:06:53 DEBUG [http-nio-8081-exec-2] o.s.security.web.FilterChainProxy - Secured GET /swagger-ui/swagger-ui.css
2026-08-11 11:06:53 DEBUG [http-nio-8081-exec-5] o.s.s.w.a.AnonymousAuthenticationFilter - Set SecurityContextHolder to anonymous SecurityContext
2026-08-11 11:06:53 DEBUG [http-nio-8081-exec-5] o.s.security.web.FilterChainProxy - Secured GET /swagger-ui/index.css
2026-08-11 11:06:53 DEBUG [http-nio-8081-exec-8] o.s.security.web.FilterChainProxy - Securing GET /swagger-ui/swagger-initializer.js
2026-08-11 11:06:53 DEBUG [http-nio-8081-exec-3] o.s.security.web.FilterChainProxy - Securing GET /swagger-ui/swagger-ui-standalone-preset.js
2026-08-11 11:06:53 DEBUG [http-nio-8081-exec-8] o.s.s.w.a.AnonymousAuthenticationFilter - Set SecurityContextHolder to anonymous SecurityContext
2026-08-11 11:06:53 DEBUG [http-nio-8081-exec-8] o.s.security.web.FilterChainProxy - Secured GET /swagger-ui/swagger-initializer.js
2026-08-11 11:06:53 DEBUG [http-nio-8081-exec-3] o.s.s.w.a.AnonymousAuthenticationFilter - Set SecurityContextHolder to anonymous SecurityContext
2026-08-11 11:06:53 DEBUG [http-nio-8081-exec-3] o.s.security.web.FilterChainProxy - Secured GET /swagger-ui/swagger-ui-standalone-preset.js
2026-08-11 11:06:53 DEBUG [http-nio-8081-exec-4] o.s.security.web.FilterChainProxy - Securing GET /swagger-ui/swagger-ui-bundle.js
2026-08-11 11:06:53 DEBUG [http-nio-8081-exec-4] o.s.s.w.a.AnonymousAuthenticationFilter - Set SecurityContextHolder to anonymous SecurityContext
2026-08-11 11:06:53 DEBUG [http-nio-8081-exec-4] o.s.security.web.FilterChainProxy - Secured GET /swagger-ui/swagger-ui-bundle.js
2026-08-11 11:06:54 DEBUG [http-nio-8081-exec-10] o.s.security.web.FilterChainProxy - Securing GET /v3/api-docs/swagger-config
2026-08-11 11:06:54 DEBUG [http-nio-8081-exec-10] o.s.s.w.a.AnonymousAuthenticationFilter - Set SecurityContextHolder to anonymous SecurityContext
2026-08-11 11:06:54 DEBUG [http-nio-8081-exec-10] o.s.security.web.FilterChainProxy - Secured GET /v3/api-docs/swagger-config
2026-08-11 11:06:54 DEBUG [http-nio-8081-exec-7] o.s.security.web.FilterChainProxy - Securing GET /swagger-ui/favicon-32x32.png
2026-08-11 11:06:54 DEBUG [http-nio-8081-exec-7] o.s.s.w.a.AnonymousAuthenticationFilter - Set SecurityContextHolder to anonymous SecurityContext
2026-08-11 11:06:54 DEBUG [http-nio-8081-exec-7] o.s.security.web.FilterChainProxy - Secured GET /swagger-ui/favicon-32x32.png
2026-08-11 11:06:54 DEBUG [http-nio-8081-exec-1] o.s.security.web.FilterChainProxy - Securing GET /v3/api-docs
2026-08-11 11:06:54 DEBUG [http-nio-8081-exec-1] o.s.s.w.a.AnonymousAuthenticationFilter - Set SecurityContextHolder to anonymous SecurityContext
2026-08-11 11:06:54 DEBUG [http-nio-8081-exec-1] o.s.security.web.FilterChainProxy - Secured GET /v3/api-docs
2026-08-11 11:06:54 INFO  [http-nio-8081-exec-1] o.s.api.AbstractOpenApiResource - Init duration for springdoc-openapi is: 745 ms
2026-08-11 11:08:58 DEBUG [http-nio-8081-exec-4] o.s.security.web.FilterChainProxy - Securing GET /api/v1/tasks/1/comments
2026-08-11 11:08:58 DEBUG [http-nio-8081-exec-4] o.s.s.w.a.AnonymousAuthenticationFilter - Set SecurityContextHolder to anonymous SecurityContext
2026-08-11 11:08:58 DEBUG [http-nio-8081-exec-4] o.s.s.w.a.Http403ForbiddenEntryPoint - Pre-authenticated entry point called. Rejecting access
2026-08-11 11:08:58 DEBUG [http-nio-8081-exec-4] o.s.security.web.FilterChainProxy - Securing GET /error
2026-08-11 11:08:58 DEBUG [http-nio-8081-exec-4] o.s.s.w.a.AnonymousAuthenticationFilter - Set SecurityContextHolder to anonymous SecurityContext
2026-08-11 11:08:58 DEBUG [http-nio-8081-exec-4] o.s.s.w.a.Http403ForbiddenEntryPoint - Pre-authenticated entry point called. Rejecting access
2026-08-11 11:09:39 DEBUG [http-nio-8081-exec-8] o.s.security.web.FilterChainProxy - Securing POST /api/v1/auth/login
2026-08-11 11:09:39 DEBUG [http-nio-8081-exec-8] o.s.s.w.a.AnonymousAuthenticationFilter - Set SecurityContextHolder to anonymous SecurityContext
2026-08-11 11:09:39 DEBUG [http-nio-8081-exec-8] o.s.security.web.FilterChainProxy - Secured POST /api/v1/auth/login
2026-08-11 11:09:40 DEBUG [http-nio-8081-exec-8] o.s.s.a.d.DaoAuthenticationProvider - Authenticated user
2026-08-11 11:10:01 DEBUG [http-nio-8081-exec-7] o.s.security.web.FilterChainProxy - Securing GET /api/v1/tasks/1/comments
2026-08-11 11:10:01 DEBUG [http-nio-8081-exec-7] o.s.security.web.FilterChainProxy - Secured GET /api/v1/tasks/1/comments
2026-08-11 11:10:49 DEBUG [http-nio-8081-exec-10] o.s.security.web.FilterChainProxy - Securing POST /api/v1/tasks/1/comments
2026-08-11 11:10:49 DEBUG [http-nio-8081-exec-10] o.s.security.web.FilterChainProxy - Secured POST /api/v1/tasks/1/comments
2026-08-11 11:10:49 WARN  [http-nio-8081-exec-10] o.s.w.s.m.m.a.ExceptionHandlerExceptionResolver - Resolved [org.hibernate.LazyInitializationException: Could not initialize proxy [com.devaihub.backend.entity.Project#2] - no session]
2026-08-11 11:11:01 DEBUG [http-nio-8081-exec-1] o.s.security.web.FilterChainProxy - Securing POST /api/v1/tasks/1/comments
2026-08-11 11:11:01 DEBUG [http-nio-8081-exec-1] o.s.security.web.FilterChainProxy - Secured POST /api/v1/tasks/1/comments
2026-08-11 11:11:01 WARN  [http-nio-8081-exec-1] o.s.w.s.m.m.a.ExceptionHandlerExceptionResolver - Resolved [org.hibernate.LazyInitializationException: Could not initialize proxy [com.devaihub.backend.entity.Project#2] - no session]
2026-08-11 11:12:29 INFO  [File Watcher] o.s.b.d.a.LocalDevToolsAutoConfiguration$RestartingClassPathChangeChangedEventListener - Restarting due to 1 class path change (0 additions, 0 deletions, 1 modification)
2026-08-11 11:12:29 INFO  [Thread-5] o.s.b.w.e.tomcat.GracefulShutdown - Commencing graceful shutdown. Waiting for active requests to complete
2026-08-11 11:12:29 INFO  [tomcat-shutdown] o.s.b.w.e.tomcat.GracefulShutdown - Graceful shutdown complete
2026-08-11 11:12:29 INFO  [Thread-5] o.s.m.s.b.SimpleBrokerMessageHandler - Stopping...
2026-08-11 11:12:29 INFO  [Thread-5] o.s.m.s.b.SimpleBrokerMessageHandler - BrokerAvailabilityEvent[available=false, SimpleBrokerMessageHandler [org.springframework.messaging.simp.broker.DefaultSubscriptionRegistry@7319106e]]
2026-08-11 11:12:29 INFO  [Thread-5] o.s.m.s.b.SimpleBrokerMessageHandler - Stopped.
2026-08-11 11:12:29 INFO  [Thread-5] o.s.o.j.LocalContainerEntityManagerFactoryBean - Closing JPA EntityManagerFactory for persistence unit 'default'
2026-08-11 11:12:29 INFO  [Thread-5] com.zaxxer.hikari.HikariDataSource - HikariPool-1 - Shutdown initiated...
2026-08-11 11:12:29 INFO  [Thread-5] com.zaxxer.hikari.HikariDataSource - HikariPool-1 - Shutdown completed.
2026-08-11 11:12:29 INFO  [restartedMain] c.d.backend.BackendApplication - Starting BackendApplication using Java 24.0.1 with PID 25892 (D:\DevAI-Hub\backend\target\classes started by Aadesh kumar in D:\DevAI-Hub\backend)
2026-08-11 11:12:29 DEBUG [restartedMain] c.d.backend.BackendApplication - Running with Spring Boot v3.5.6, Spring v6.2.11
2026-08-11 11:12:29 INFO  [restartedMain] c.d.backend.BackendApplication - The following 1 profile is active: "dev"
2026-08-11 11:12:30 INFO  [restartedMain] o.s.d.r.c.RepositoryConfigurationDelegate - Bootstrapping Spring Data JPA repositories in DEFAULT mode.
2026-08-11 11:12:30 INFO  [restartedMain] o.s.d.r.c.RepositoryConfigurationDelegate - Finished Spring Data repository scanning in 100 ms. Found 9 JPA repository interfaces.
2026-08-11 11:12:30 INFO  [restartedMain] o.s.b.w.e.tomcat.TomcatWebServer - Tomcat initialized with port 8081 (http)
2026-08-11 11:12:30 INFO  [restartedMain] o.a.catalina.core.StandardService - Starting service [Tomcat]
2026-08-11 11:12:30 INFO  [restartedMain] o.a.catalina.core.StandardEngine - Starting Servlet engine: [Apache Tomcat/10.1.46]
2026-08-11 11:12:30 INFO  [restartedMain] o.a.c.c.C.[Tomcat].[localhost].[/] - Initializing Spring embedded WebApplicationContext
2026-08-11 11:12:30 INFO  [restartedMain] o.s.b.w.s.c.ServletWebServerApplicationContext - Root WebApplicationContext: initialization completed in 1072 ms
2026-08-11 11:12:30 INFO  [restartedMain] o.h.jpa.internal.util.LogHelper - HHH000204: Processing PersistenceUnitInfo [name: default]
2026-08-11 11:12:30 INFO  [restartedMain] o.h.c.i.RegionFactoryInitiator - HHH000026: Second-level cache disabled
2026-08-11 11:12:30 INFO  [restartedMain] o.s.o.j.p.SpringPersistenceUnitInfo - No LoadTimeWeaver setup: ignoring JPA class transformer
2026-08-11 11:12:30 INFO  [restartedMain] com.zaxxer.hikari.HikariDataSource - HikariPool-2 - Starting...
2026-08-11 11:12:30 INFO  [restartedMain] com.zaxxer.hikari.pool.HikariPool - HikariPool-2 - Added connection org.postgresql.jdbc.PgConnection@46e6bdba
2026-08-11 11:12:30 INFO  [restartedMain] com.zaxxer.hikari.HikariDataSource - HikariPool-2 - Start completed.
2026-08-11 11:12:31 WARN  [restartedMain] org.hibernate.orm.deprecation - HHH90000025: PostgreSQLDialect does not need to be specified explicitly using 'hibernate.dialect' (remove the property setting and it will be selected by default)
2026-08-11 11:12:31 INFO  [restartedMain] o.hibernate.orm.connections.pooling - HHH10001005: Database info:
	Database JDBC URL [Connecting through datasource 'HikariDataSource (HikariPool-2)']
	Database driver: undefined/unknown
	Database version: 16.14
	Autocommit mode: undefined/unknown
	Isolation level: undefined/unknown
	Minimum pool size: undefined/unknown
	Maximum pool size: undefined/unknown
2026-08-11 11:12:31 INFO  [restartedMain] o.h.e.t.j.p.i.JtaPlatformInitiator - HHH000489: No JTA platform available (set 'hibernate.transaction.jta.platform' to enable JTA platform integration)
2026-08-11 11:12:31 INFO  [restartedMain] o.s.o.j.LocalContainerEntityManagerFactoryBean - Initialized JPA EntityManagerFactory for persistence unit 'default'
2026-08-11 11:12:32 DEBUG [restartedMain] c.d.b.s.JwtAuthenticationFilter - Filter 'jwtAuthenticationFilter' configured for use
2026-08-11 11:12:32 INFO  [restartedMain] o.s.s.c.a.a.c.InitializeAuthenticationProviderBeanManagerConfigurer$InitializeAuthenticationProviderManagerConfigurer - Global AuthenticationManager configured with AuthenticationProvider bean with name authenticationProvider
2026-08-11 11:12:32 WARN  [restartedMain] o.s.s.c.a.a.c.InitializeUserDetailsBeanManagerConfigurer$InitializeUserDetailsManagerConfigurer - Global AuthenticationManager configured with an AuthenticationProvider bean. UserDetailsService beans will not be used by Spring Security for automatically configuring username/password login. Consider removing the AuthenticationProvider bean. Alternatively, consider using the UserDetailsService in a manually instantiated DaoAuthenticationProvider. If the current configuration is intentional, to turn off this warning, increase the logging level of 'org.springframework.security.config.annotation.authentication.configuration.InitializeUserDetailsBeanManagerConfigurer' to ERROR
2026-08-11 11:12:32 INFO  [restartedMain] o.s.b.a.e.web.EndpointLinksResolver - Exposing 2 endpoints beneath base path '/actuator'
2026-08-11 11:12:32 DEBUG [restartedMain] o.s.s.web.DefaultSecurityFilterChain - Will secure any request with filters: DisableEncodeUrlFilter, WebAsyncManagerIntegrationFilter, SecurityContextHolderFilter, HeaderWriterFilter, CorsFilter, LogoutFilter, JwtAuthenticationFilter, RequestCacheAwareFilter, SecurityContextHolderAwareRequestFilter, AnonymousAuthenticationFilter, SessionManagementFilter, ExceptionTranslationFilter, AuthorizationFilter
2026-08-11 11:12:33 INFO  [restartedMain] o.s.b.d.a.OptionalLiveReloadServer - LiveReload server is running on port 35729
2026-08-11 11:12:33 INFO  [restartedMain] o.s.m.s.b.SimpleBrokerMessageHandler - Starting...
2026-08-11 11:12:33 INFO  [restartedMain] o.s.m.s.b.SimpleBrokerMessageHandler - BrokerAvailabilityEvent[available=true, SimpleBrokerMessageHandler [org.springframework.messaging.simp.broker.DefaultSubscriptionRegistry@5491ba9]]
2026-08-11 11:12:33 INFO  [restartedMain] o.s.m.s.b.SimpleBrokerMessageHandler - Started.
2026-08-11 11:12:33 INFO  [restartedMain] o.s.b.w.e.tomcat.TomcatWebServer - Tomcat started on port 8081 (http) with context path '/'
2026-08-11 11:12:33 INFO  [restartedMain] c.d.backend.BackendApplication - Started BackendApplication in 3.38 seconds (process running for 49208.994)
2026-08-11 11:12:33 INFO  [restartedMain] o.s.b.d.a.ConditionEvaluationDeltaLoggingListener - Condition evaluation unchanged
2026-08-11 11:13:05 INFO  [File Watcher] o.s.b.d.a.LocalDevToolsAutoConfiguration$RestartingClassPathChangeChangedEventListener - Restarting due to 1 class path change (0 additions, 0 deletions, 1 modification)
2026-08-11 11:13:05 INFO  [Thread-7] o.s.b.w.e.tomcat.GracefulShutdown - Commencing graceful shutdown. Waiting for active requests to complete
2026-08-11 11:13:05 INFO  [tomcat-shutdown] o.s.b.w.e.tomcat.GracefulShutdown - Graceful shutdown complete
2026-08-11 11:13:05 INFO  [Thread-7] o.s.m.s.b.SimpleBrokerMessageHandler - Stopping...
2026-08-11 11:13:05 INFO  [Thread-7] o.s.m.s.b.SimpleBrokerMessageHandler - BrokerAvailabilityEvent[available=false, SimpleBrokerMessageHandler [org.springframework.messaging.simp.broker.DefaultSubscriptionRegistry@5491ba9]]
2026-08-11 11:13:05 INFO  [Thread-7] o.s.m.s.b.SimpleBrokerMessageHandler - Stopped.
2026-08-11 11:13:05 INFO  [Thread-7] o.s.o.j.LocalContainerEntityManagerFactoryBean - Closing JPA EntityManagerFactory for persistence unit 'default'
2026-08-11 11:13:05 INFO  [Thread-7] com.zaxxer.hikari.HikariDataSource - HikariPool-2 - Shutdown initiated...
2026-08-11 11:13:05 INFO  [Thread-7] com.zaxxer.hikari.HikariDataSource - HikariPool-2 - Shutdown completed.
2026-08-11 11:13:06 INFO  [restartedMain] c.d.backend.BackendApplication - Starting BackendApplication using Java 24.0.1 with PID 25892 (D:\DevAI-Hub\backend\target\classes started by Aadesh kumar in D:\DevAI-Hub\backend)
2026-08-11 11:13:06 DEBUG [restartedMain] c.d.backend.BackendApplication - Running with Spring Boot v3.5.6, Spring v6.2.11
2026-08-11 11:13:06 INFO  [restartedMain] c.d.backend.BackendApplication - The following 1 profile is active: "dev"
2026-08-11 11:13:06 INFO  [restartedMain] o.s.d.r.c.RepositoryConfigurationDelegate - Bootstrapping Spring Data JPA repositories in DEFAULT mode.
2026-08-11 11:13:06 INFO  [restartedMain] o.s.d.r.c.RepositoryConfigurationDelegate - Finished Spring Data repository scanning in 52 ms. Found 9 JPA repository interfaces.
2026-08-11 11:13:06 INFO  [restartedMain] o.s.b.w.e.tomcat.TomcatWebServer - Tomcat initialized with port 8081 (http)
2026-08-11 11:13:06 INFO  [restartedMain] o.a.catalina.core.StandardService - Starting service [Tomcat]
2026-08-11 11:13:06 INFO  [restartedMain] o.a.catalina.core.StandardEngine - Starting Servlet engine: [Apache Tomcat/10.1.46]
2026-08-11 11:13:06 INFO  [restartedMain] o.a.c.c.C.[Tomcat].[localhost].[/] - Initializing Spring embedded WebApplicationContext
2026-08-11 11:13:06 INFO  [restartedMain] o.s.b.w.s.c.ServletWebServerApplicationContext - Root WebApplicationContext: initialization completed in 725 ms
2026-08-11 11:13:06 INFO  [restartedMain] o.h.jpa.internal.util.LogHelper - HHH000204: Processing PersistenceUnitInfo [name: default]
2026-08-11 11:13:06 INFO  [restartedMain] o.h.c.i.RegionFactoryInitiator - HHH000026: Second-level cache disabled
2026-08-11 11:13:06 INFO  [restartedMain] o.s.o.j.p.SpringPersistenceUnitInfo - No LoadTimeWeaver setup: ignoring JPA class transformer
2026-08-11 11:13:06 INFO  [restartedMain] com.zaxxer.hikari.HikariDataSource - HikariPool-3 - Starting...
2026-08-11 11:13:06 INFO  [restartedMain] com.zaxxer.hikari.pool.HikariPool - HikariPool-3 - Added connection org.postgresql.jdbc.PgConnection@7a342314
2026-08-11 11:13:06 INFO  [restartedMain] com.zaxxer.hikari.HikariDataSource - HikariPool-3 - Start completed.
2026-08-11 11:13:06 WARN  [restartedMain] org.hibernate.orm.deprecation - HHH90000025: PostgreSQLDialect does not need to be specified explicitly using 'hibernate.dialect' (remove the property setting and it will be selected by default)
2026-08-11 11:13:06 INFO  [restartedMain] o.hibernate.orm.connections.pooling - HHH10001005: Database info:
	Database JDBC URL [Connecting through datasource 'HikariDataSource (HikariPool-3)']
	Database driver: undefined/unknown
	Database version: 16.14
	Autocommit mode: undefined/unknown
	Isolation level: undefined/unknown
	Minimum pool size: undefined/unknown
	Maximum pool size: undefined/unknown
2026-08-11 11:13:07 INFO  [restartedMain] o.h.e.t.j.p.i.JtaPlatformInitiator - HHH000489: No JTA platform available (set 'hibernate.transaction.jta.platform' to enable JTA platform integration)
2026-08-11 11:13:07 INFO  [restartedMain] o.s.o.j.LocalContainerEntityManagerFactoryBean - Initialized JPA EntityManagerFactory for persistence unit 'default'
2026-08-11 11:13:07 DEBUG [restartedMain] c.d.b.s.JwtAuthenticationFilter - Filter 'jwtAuthenticationFilter' configured for use
2026-08-11 11:13:08 INFO  [restartedMain] o.s.s.c.a.a.c.InitializeAuthenticationProviderBeanManagerConfigurer$InitializeAuthenticationProviderManagerConfigurer - Global AuthenticationManager configured with AuthenticationProvider bean with name authenticationProvider
2026-08-11 11:13:08 WARN  [restartedMain] o.s.s.c.a.a.c.InitializeUserDetailsBeanManagerConfigurer$InitializeUserDetailsManagerConfigurer - Global AuthenticationManager configured with an AuthenticationProvider bean. UserDetailsService beans will not be used by Spring Security for automatically configuring username/password login. Consider removing the AuthenticationProvider bean. Alternatively, consider using the UserDetailsService in a manually instantiated DaoAuthenticationProvider. If the current configuration is intentional, to turn off this warning, increase the logging level of 'org.springframework.security.config.annotation.authentication.configuration.InitializeUserDetailsBeanManagerConfigurer' to ERROR
2026-08-11 11:13:08 INFO  [restartedMain] o.s.b.a.e.web.EndpointLinksResolver - Exposing 2 endpoints beneath base path '/actuator'
2026-08-11 11:13:08 DEBUG [restartedMain] o.s.s.web.DefaultSecurityFilterChain - Will secure any request with filters: DisableEncodeUrlFilter, WebAsyncManagerIntegrationFilter, SecurityContextHolderFilter, HeaderWriterFilter, CorsFilter, LogoutFilter, JwtAuthenticationFilter, RequestCacheAwareFilter, SecurityContextHolderAwareRequestFilter, AnonymousAuthenticationFilter, SessionManagementFilter, ExceptionTranslationFilter, AuthorizationFilter
2026-08-11 11:13:08 INFO  [restartedMain] o.s.b.d.a.OptionalLiveReloadServer - LiveReload server is running on port 35729
2026-08-11 11:13:08 INFO  [restartedMain] o.s.m.s.b.SimpleBrokerMessageHandler - Starting...
2026-08-11 11:13:08 INFO  [restartedMain] o.s.m.s.b.SimpleBrokerMessageHandler - BrokerAvailabilityEvent[available=true, SimpleBrokerMessageHandler [org.springframework.messaging.simp.broker.DefaultSubscriptionRegistry@4afae1b1]]
2026-08-11 11:13:08 INFO  [restartedMain] o.s.m.s.b.SimpleBrokerMessageHandler - Started.
2026-08-11 11:13:08 INFO  [restartedMain] o.s.b.w.e.tomcat.TomcatWebServer - Tomcat started on port 8081 (http) with context path '/'
2026-08-11 11:13:08 INFO  [restartedMain] c.d.backend.BackendApplication - Started BackendApplication in 2.793 seconds (process running for 49244.682)
2026-08-11 11:13:08 INFO  [restartedMain] o.s.b.d.a.ConditionEvaluationDeltaLoggingListener - Condition evaluation unchanged
2026-08-11 11:13:47 INFO  [SpringApplicationShutdownHook] o.s.b.w.e.tomcat.GracefulShutdown - Commencing graceful shutdown. Waiting for active requests to complete
2026-08-11 11:13:47 INFO  [tomcat-shutdown] o.s.b.w.e.tomcat.GracefulShutdown - Graceful shutdown complete
2026-08-11 11:13:47 INFO  [SpringApplicationShutdownHook] o.s.m.s.b.SimpleBrokerMessageHandler - Stopping...
2026-08-11 11:13:47 INFO  [SpringApplicationShutdownHook] o.s.m.s.b.SimpleBrokerMessageHandler - BrokerAvailabilityEvent[available=false, SimpleBrokerMessageHandler [org.springframework.messaging.simp.broker.DefaultSubscriptionRegistry@4afae1b1]]
2026-08-11 11:13:47 INFO  [SpringApplicationShutdownHook] o.s.m.s.b.SimpleBrokerMessageHandler - Stopped.
2026-08-11 11:13:47 INFO  [SpringApplicationShutdownHook] o.s.o.j.LocalContainerEntityManagerFactoryBean - Closing JPA EntityManagerFactory for persistence unit 'default'
2026-08-11 11:13:47 INFO  [SpringApplicationShutdownHook] com.zaxxer.hikari.HikariDataSource - HikariPool-3 - Shutdown initiated...
2026-08-11 11:13:47 INFO  [SpringApplicationShutdownHook] com.zaxxer.hikari.HikariDataSource - HikariPool-3 - Shutdown completed.
2026-08-11 11:13:52 INFO  [restartedMain] c.d.backend.BackendApplication - Starting BackendApplication using Java 24.0.1 with PID 30048 (D:\DevAI-Hub\backend\target\classes started by Aadesh kumar in D:\DevAI-Hub\backend)
2026-08-11 11:13:52 DEBUG [restartedMain] c.d.backend.BackendApplication - Running with Spring Boot v3.5.6, Spring v6.2.11
2026-08-11 11:13:52 INFO  [restartedMain] c.d.backend.BackendApplication - The following 1 profile is active: "dev"
2026-08-11 11:13:52 INFO  [restartedMain] o.s.b.d.e.DevToolsPropertyDefaultsPostProcessor - Devtools property defaults active! Set 'spring.devtools.add-properties' to 'false' to disable
2026-08-11 11:13:52 INFO  [restartedMain] o.s.b.d.e.DevToolsPropertyDefaultsPostProcessor - For additional web related logging consider setting the 'logging.level.web' property to 'DEBUG'
2026-08-11 11:13:54 INFO  [restartedMain] o.s.d.r.c.RepositoryConfigurationDelegate - Bootstrapping Spring Data JPA repositories in DEFAULT mode.
2026-08-11 11:13:54 INFO  [restartedMain] o.s.d.r.c.RepositoryConfigurationDelegate - Finished Spring Data repository scanning in 91 ms. Found 9 JPA repository interfaces.
2026-08-11 11:13:55 INFO  [restartedMain] o.s.b.w.e.tomcat.TomcatWebServer - Tomcat initialized with port 8081 (http)
2026-08-11 11:13:55 INFO  [restartedMain] o.a.catalina.core.StandardService - Starting service [Tomcat]
2026-08-11 11:13:55 INFO  [restartedMain] o.a.catalina.core.StandardEngine - Starting Servlet engine: [Apache Tomcat/10.1.46]
2026-08-11 11:13:55 INFO  [restartedMain] o.a.c.c.C.[Tomcat].[localhost].[/] - Initializing Spring embedded WebApplicationContext
2026-08-11 11:13:55 INFO  [restartedMain] o.s.b.w.s.c.ServletWebServerApplicationContext - Root WebApplicationContext: initialization completed in 2339 ms
2026-08-11 11:13:55 INFO  [restartedMain] o.h.jpa.internal.util.LogHelper - HHH000204: Processing PersistenceUnitInfo [name: default]
2026-08-11 11:13:55 INFO  [restartedMain] org.hibernate.Version - HHH000412: Hibernate ORM core version 6.6.29.Final
2026-08-11 11:13:55 INFO  [restartedMain] o.h.c.i.RegionFactoryInitiator - HHH000026: Second-level cache disabled
2026-08-11 11:13:56 INFO  [restartedMain] o.s.o.j.p.SpringPersistenceUnitInfo - No LoadTimeWeaver setup: ignoring JPA class transformer
2026-08-11 11:13:56 INFO  [restartedMain] com.zaxxer.hikari.HikariDataSource - HikariPool-1 - Starting...
2026-08-11 11:13:56 INFO  [restartedMain] com.zaxxer.hikari.pool.HikariPool - HikariPool-1 - Added connection org.postgresql.jdbc.PgConnection@7ead5176
2026-08-11 11:13:56 INFO  [restartedMain] com.zaxxer.hikari.HikariDataSource - HikariPool-1 - Start completed.
2026-08-11 11:13:56 WARN  [restartedMain] org.hibernate.orm.deprecation - HHH90000025: PostgreSQLDialect does not need to be specified explicitly using 'hibernate.dialect' (remove the property setting and it will be selected by default)
2026-08-11 11:13:56 INFO  [restartedMain] o.hibernate.orm.connections.pooling - HHH10001005: Database info:
	Database JDBC URL [Connecting through datasource 'HikariDataSource (HikariPool-1)']
	Database driver: undefined/unknown
	Database version: 16.14
	Autocommit mode: undefined/unknown
	Isolation level: undefined/unknown
	Minimum pool size: undefined/unknown
	Maximum pool size: undefined/unknown
2026-08-11 11:13:57 INFO  [restartedMain] o.h.e.t.j.p.i.JtaPlatformInitiator - HHH000489: No JTA platform available (set 'hibernate.transaction.jta.platform' to enable JTA platform integration)
2026-08-11 11:13:58 INFO  [restartedMain] o.s.o.j.LocalContainerEntityManagerFactoryBean - Initialized JPA EntityManagerFactory for persistence unit 'default'
2026-08-11 11:13:58 DEBUG [restartedMain] c.d.b.s.JwtAuthenticationFilter - Filter 'jwtAuthenticationFilter' configured for use
2026-08-11 11:13:58 INFO  [restartedMain] o.s.d.j.r.query.QueryEnhancerFactory - Hibernate is in classpath; If applicable, HQL parser will be used.
2026-08-11 11:13:59 INFO  [restartedMain] o.s.s.c.a.a.c.InitializeAuthenticationProviderBeanManagerConfigurer$InitializeAuthenticationProviderManagerConfigurer - Global AuthenticationManager configured with AuthenticationProvider bean with name authenticationProvider
2026-08-11 11:13:59 WARN  [restartedMain] o.s.s.c.a.a.c.InitializeUserDetailsBeanManagerConfigurer$InitializeUserDetailsManagerConfigurer - Global AuthenticationManager configured with an AuthenticationProvider bean. UserDetailsService beans will not be used by Spring Security for automatically configuring username/password login. Consider removing the AuthenticationProvider bean. Alternatively, consider using the UserDetailsService in a manually instantiated DaoAuthenticationProvider. If the current configuration is intentional, to turn off this warning, increase the logging level of 'org.springframework.security.config.annotation.authentication.configuration.InitializeUserDetailsBeanManagerConfigurer' to ERROR
2026-08-11 11:14:00 INFO  [restartedMain] o.s.b.a.e.web.EndpointLinksResolver - Exposing 2 endpoints beneath base path '/actuator'
2026-08-11 11:14:00 DEBUG [restartedMain] o.s.s.web.DefaultSecurityFilterChain - Will secure any request with filters: DisableEncodeUrlFilter, WebAsyncManagerIntegrationFilter, SecurityContextHolderFilter, HeaderWriterFilter, CorsFilter, LogoutFilter, JwtAuthenticationFilter, RequestCacheAwareFilter, SecurityContextHolderAwareRequestFilter, AnonymousAuthenticationFilter, SessionManagementFilter, ExceptionTranslationFilter, AuthorizationFilter
2026-08-11 11:14:00 INFO  [restartedMain] o.s.b.d.a.OptionalLiveReloadServer - LiveReload server is running on port 35729
2026-08-11 11:14:00 INFO  [restartedMain] o.s.m.s.b.SimpleBrokerMessageHandler - Starting...
2026-08-11 11:14:00 INFO  [restartedMain] o.s.m.s.b.SimpleBrokerMessageHandler - BrokerAvailabilityEvent[available=true, SimpleBrokerMessageHandler [org.springframework.messaging.simp.broker.DefaultSubscriptionRegistry@7dc53c4c]]
2026-08-11 11:14:00 INFO  [restartedMain] o.s.m.s.b.SimpleBrokerMessageHandler - Started.
2026-08-11 11:14:00 INFO  [restartedMain] o.s.b.w.e.tomcat.TomcatWebServer - Tomcat started on port 8081 (http) with context path '/'
2026-08-11 11:14:00 INFO  [restartedMain] c.d.backend.BackendApplication - Started BackendApplication in 8.447 seconds (process running for 9.135)
2026-08-11 11:14:05 INFO  [http-nio-8081-exec-1] o.a.c.c.C.[Tomcat].[localhost].[/] - Initializing Spring DispatcherServlet 'dispatcherServlet'
2026-08-11 11:14:05 INFO  [http-nio-8081-exec-1] o.s.web.servlet.DispatcherServlet - Initializing Servlet 'dispatcherServlet'
2026-08-11 11:14:05 INFO  [http-nio-8081-exec-1] o.s.web.servlet.DispatcherServlet - Completed initialization in 1 ms
2026-08-11 11:14:05 DEBUG [http-nio-8081-exec-1] o.s.security.web.FilterChainProxy - Securing POST /api/v1/tasks/1/comments
2026-08-11 11:14:05 DEBUG [http-nio-8081-exec-1] o.s.security.web.FilterChainProxy - Secured POST /api/v1/tasks/1/comments
2026-08-11 11:15:00 INFO  [MessageBroker-1] o.s.w.s.c.WebSocketMessageBrokerStats - WebSocketSession[0 current WS(0)-HttpStream(0)-HttpPoll(0), 0 total, 0 closed abnormally (0 connect failure, 0 send limit, 0 transport error)], stompSubProtocol[processed CONNECT(0)-CONNECTED(0)-DISCONNECT(0)], stompBrokerRelay[null], inboundChannel[pool size = 0, active threads = 0, queued tasks = 0, completed tasks = 0], outboundChannel[pool size = 0, active threads = 0, queued tasks = 0, completed tasks = 0], sockJsScheduler[pool size = 1, active threads = 1, queued tasks = 0, completed tasks = 0]
2026-08-11 11:17:05 DEBUG [http-nio-8081-exec-2] o.s.security.web.FilterChainProxy - Securing OPTIONS /api/v1/projects/2
2026-08-11 11:17:05 DEBUG [http-nio-8081-exec-4] o.s.security.web.FilterChainProxy - Securing OPTIONS /api/v1/projects/2
2026-08-11 11:17:05 DEBUG [http-nio-8081-exec-5] o.s.security.web.FilterChainProxy - Securing GET /api/v1/projects/2
2026-08-11 11:17:05 DEBUG [http-nio-8081-exec-5] o.s.security.web.FilterChainProxy - Secured GET /api/v1/projects/2
2026-08-11 11:17:05 DEBUG [http-nio-8081-exec-6] o.s.security.web.FilterChainProxy - Securing GET /api/v1/projects/2
2026-08-11 11:17:05 DEBUG [http-nio-8081-exec-8] o.s.security.web.FilterChainProxy - Securing OPTIONS /api/v1/projects/2/members
2026-08-11 11:17:05 DEBUG [http-nio-8081-exec-6] o.s.security.web.FilterChainProxy - Secured GET /api/v1/projects/2
2026-08-11 11:17:05 DEBUG [http-nio-8081-exec-9] o.s.security.web.FilterChainProxy - Securing GET /api/v1/projects/2/members
2026-08-11 11:17:05 DEBUG [http-nio-8081-exec-9] o.s.security.web.FilterChainProxy - Secured GET /api/v1/projects/2/members
2026-08-11 11:17:05 DEBUG [http-nio-8081-exec-7] o.s.security.web.FilterChainProxy - Securing GET /api/v1/projects/2/members
2026-08-11 11:17:05 DEBUG [http-nio-8081-exec-10] o.s.security.web.FilterChainProxy - Securing OPTIONS /api/v1/projects/2/tasks
2026-08-11 11:17:05 DEBUG [http-nio-8081-exec-1] o.s.security.web.FilterChainProxy - Securing GET /api/v1/projects/2/tasks
2026-08-11 11:17:05 DEBUG [http-nio-8081-exec-7] o.s.security.web.FilterChainProxy - Secured GET /api/v1/projects/2/members
2026-08-11 11:17:05 DEBUG [http-nio-8081-exec-1] o.s.security.web.FilterChainProxy - Secured GET /api/v1/projects/2/tasks
2026-08-11 11:17:05 DEBUG [http-nio-8081-exec-3] o.s.security.web.FilterChainProxy - Securing GET /api/v1/projects/2/tasks
2026-08-11 11:17:05 DEBUG [http-nio-8081-exec-2] o.s.security.web.FilterChainProxy - Securing OPTIONS /api/v1/tasks/1/comments
2026-08-11 11:17:05 DEBUG [http-nio-8081-exec-4] o.s.security.web.FilterChainProxy - Securing GET /api/v1/tasks/1/comments
2026-08-11 11:17:05 DEBUG [http-nio-8081-exec-3] o.s.security.web.FilterChainProxy - Secured GET /api/v1/projects/2/tasks
2026-08-11 11:17:05 DEBUG [http-nio-8081-exec-4] o.s.security.web.FilterChainProxy - Secured GET /api/v1/tasks/1/comments
2026-08-11 11:17:05 DEBUG [http-nio-8081-exec-5] o.s.security.web.FilterChainProxy - Securing GET /api/v1/tasks/1/comments
2026-08-11 11:17:05 DEBUG [http-nio-8081-exec-5] o.s.security.web.FilterChainProxy - Secured GET /api/v1/tasks/1/comments
2026-08-11 11:17:52 DEBUG [http-nio-8081-exec-8] o.s.security.web.FilterChainProxy - Securing OPTIONS /api/v1/tasks/1/comments
2026-08-11 11:17:52 DEBUG [http-nio-8081-exec-6] o.s.security.web.FilterChainProxy - Securing POST /api/v1/tasks/1/comments
2026-08-11 11:17:52 DEBUG [http-nio-8081-exec-6] o.s.security.web.FilterChainProxy - Secured POST /api/v1/tasks/1/comments
2026-08-11 11:25:29 DEBUG [http-nio-8081-exec-7] o.s.security.web.FilterChainProxy - Securing OPTIONS /api/v1/projects/2
2026-08-11 11:25:29 DEBUG [http-nio-8081-exec-1] o.s.security.web.FilterChainProxy - Securing GET /api/v1/projects/2
2026-08-11 11:25:29 DEBUG [http-nio-8081-exec-1] o.s.security.web.FilterChainProxy - Secured GET /api/v1/projects/2
2026-08-11 11:25:29 DEBUG [http-nio-8081-exec-2] o.s.security.web.FilterChainProxy - Securing OPTIONS /api/v1/projects/2/members
2026-08-11 11:25:29 DEBUG [http-nio-8081-exec-3] o.s.security.web.FilterChainProxy - Securing GET /api/v1/projects/2/members
2026-08-11 11:25:29 DEBUG [http-nio-8081-exec-3] o.s.security.web.FilterChainProxy - Secured GET /api/v1/projects/2/members
2026-08-11 11:25:29 DEBUG [http-nio-8081-exec-4] o.s.security.web.FilterChainProxy - Securing OPTIONS /api/v1/projects/2/tasks
2026-08-11 11:25:29 DEBUG [http-nio-8081-exec-5] o.s.security.web.FilterChainProxy - Securing GET /api/v1/projects/2/tasks
2026-08-11 11:25:29 DEBUG [http-nio-8081-exec-5] o.s.security.web.FilterChainProxy - Secured GET /api/v1/projects/2/tasks
2026-08-11 11:25:29 DEBUG [http-nio-8081-exec-8] o.s.security.web.FilterChainProxy - Securing OPTIONS /api/v1/tasks/1/comments
2026-08-11 11:25:29 DEBUG [http-nio-8081-exec-6] o.s.security.web.FilterChainProxy - Securing OPTIONS /api/v1/tasks/1/attachments
2026-08-11 11:25:29 DEBUG [http-nio-8081-exec-9] o.s.security.web.FilterChainProxy - Securing GET /api/v1/tasks/1/comments
2026-08-11 11:25:29 DEBUG [http-nio-8081-exec-10] o.s.security.web.FilterChainProxy - Securing GET /api/v1/tasks/1/attachments
2026-08-11 11:25:29 DEBUG [http-nio-8081-exec-9] o.s.security.web.FilterChainProxy - Secured GET /api/v1/tasks/1/comments
2026-08-11 11:25:29 DEBUG [http-nio-8081-exec-10] o.s.security.web.FilterChainProxy - Secured GET /api/v1/tasks/1/attachments
2026-08-11 11:26:33 DEBUG [http-nio-8081-exec-2] o.s.security.web.FilterChainProxy - Securing OPTIONS /api/v1/tasks/1/attachments
2026-08-11 11:26:33 DEBUG [http-nio-8081-exec-3] o.s.security.web.FilterChainProxy - Securing POST /api/v1/tasks/1/attachments
2026-08-11 11:26:33 DEBUG [http-nio-8081-exec-3] o.s.security.web.FilterChainProxy - Secured POST /api/v1/tasks/1/attachments
2026-08-11 11:26:33 WARN  [http-nio-8081-exec-3] o.s.w.s.m.m.a.ExceptionHandlerExceptionResolver - Resolved [org.hibernate.LazyInitializationException: Could not initialize proxy [com.devaihub.backend.entity.Project#2] - no session]
2026-08-11 11:27:13 DEBUG [http-nio-8081-exec-4] o.s.security.web.FilterChainProxy - Securing POST /api/v1/tasks/2/attachments
2026-08-11 11:27:13 DEBUG [http-nio-8081-exec-4] o.s.security.web.FilterChainProxy - Secured POST /api/v1/tasks/2/attachments
2026-08-11 11:27:13 WARN  [http-nio-8081-exec-4] o.s.w.s.m.m.a.ExceptionHandlerExceptionResolver - Resolved [java.lang.RuntimeException: Task not found]
2026-08-11 11:27:22 DEBUG [http-nio-8081-exec-5] o.s.security.web.FilterChainProxy - Securing POST /api/v1/tasks/1/attachments
2026-08-11 11:27:22 DEBUG [http-nio-8081-exec-5] o.s.security.web.FilterChainProxy - Secured POST /api/v1/tasks/1/attachments
2026-08-11 11:27:22 WARN  [http-nio-8081-exec-5] o.s.w.s.m.m.a.ExceptionHandlerExceptionResolver - Resolved [org.hibernate.LazyInitializationException: Could not initialize proxy [com.devaihub.backend.entity.Project#2] - no session]
2026-08-11 11:27:31 DEBUG [http-nio-8081-exec-8] o.s.security.web.FilterChainProxy - Securing GET /swagger-ui/index.html
2026-08-11 11:27:31 DEBUG [http-nio-8081-exec-8] o.s.s.w.a.AnonymousAuthenticationFilter - Set SecurityContextHolder to anonymous SecurityContext
2026-08-11 11:27:31 DEBUG [http-nio-8081-exec-8] o.s.security.web.FilterChainProxy - Secured GET /swagger-ui/index.html
2026-08-11 11:27:31 DEBUG [http-nio-8081-exec-6] o.s.security.web.FilterChainProxy - Securing GET /swagger-ui/swagger-ui.css
2026-08-11 11:27:31 DEBUG [http-nio-8081-exec-9] o.s.security.web.FilterChainProxy - Securing GET /swagger-ui/index.css
2026-08-11 11:27:31 DEBUG [http-nio-8081-exec-6] o.s.s.w.a.AnonymousAuthenticationFilter - Set SecurityContextHolder to anonymous SecurityContext
2026-08-11 11:27:31 DEBUG [http-nio-8081-exec-9] o.s.s.w.a.AnonymousAuthenticationFilter - Set SecurityContextHolder to anonymous SecurityContext
2026-08-11 11:27:31 DEBUG [http-nio-8081-exec-6] o.s.security.web.FilterChainProxy - Secured GET /swagger-ui/swagger-ui.css
2026-08-11 11:27:31 DEBUG [http-nio-8081-exec-9] o.s.security.web.FilterChainProxy - Secured GET /swagger-ui/index.css
2026-08-11 11:27:31 DEBUG [http-nio-8081-exec-10] o.s.security.web.FilterChainProxy - Securing GET /swagger-ui/swagger-ui-bundle.js
2026-08-11 11:27:31 DEBUG [http-nio-8081-exec-7] o.s.security.web.FilterChainProxy - Securing GET /swagger-ui/swagger-ui-standalone-preset.js
2026-08-11 11:27:31 DEBUG [http-nio-8081-exec-1] o.s.security.web.FilterChainProxy - Securing GET /swagger-ui/swagger-initializer.js
2026-08-11 11:27:31 DEBUG [http-nio-8081-exec-10] o.s.s.w.a.AnonymousAuthenticationFilter - Set SecurityContextHolder to anonymous SecurityContext
2026-08-11 11:27:31 DEBUG [http-nio-8081-exec-7] o.s.s.w.a.AnonymousAuthenticationFilter - Set SecurityContextHolder to anonymous SecurityContext
2026-08-11 11:27:31 DEBUG [http-nio-8081-exec-7] o.s.security.web.FilterChainProxy - Secured GET /swagger-ui/swagger-ui-standalone-preset.js
2026-08-11 11:27:31 DEBUG [http-nio-8081-exec-1] o.s.s.w.a.AnonymousAuthenticationFilter - Set SecurityContextHolder to anonymous SecurityContext
2026-08-11 11:27:31 DEBUG [http-nio-8081-exec-10] o.s.security.web.FilterChainProxy - Secured GET /swagger-ui/swagger-ui-bundle.js
2026-08-11 11:27:31 DEBUG [http-nio-8081-exec-1] o.s.security.web.FilterChainProxy - Secured GET /swagger-ui/swagger-initializer.js
2026-08-11 11:27:32 DEBUG [http-nio-8081-exec-2] o.s.security.web.FilterChainProxy - Securing GET /v3/api-docs/swagger-config
2026-08-11 11:27:32 DEBUG [http-nio-8081-exec-3] o.s.security.web.FilterChainProxy - Securing GET /swagger-ui/favicon-32x32.png
2026-08-11 11:27:32 DEBUG [http-nio-8081-exec-2] o.s.s.w.a.AnonymousAuthenticationFilter - Set SecurityContextHolder to anonymous SecurityContext
2026-08-11 11:27:32 DEBUG [http-nio-8081-exec-3] o.s.s.w.a.AnonymousAuthenticationFilter - Set SecurityContextHolder to anonymous SecurityContext
2026-08-11 11:27:32 DEBUG [http-nio-8081-exec-2] o.s.security.web.FilterChainProxy - Secured GET /v3/api-docs/swagger-config
2026-08-11 11:27:32 DEBUG [http-nio-8081-exec-3] o.s.security.web.FilterChainProxy - Secured GET /swagger-ui/favicon-32x32.png
2026-08-11 11:27:32 DEBUG [http-nio-8081-exec-4] o.s.security.web.FilterChainProxy - Securing GET /v3/api-docs
2026-08-11 11:27:32 DEBUG [http-nio-8081-exec-4] o.s.s.w.a.AnonymousAuthenticationFilter - Set SecurityContextHolder to anonymous SecurityContext
2026-08-11 11:27:32 DEBUG [http-nio-8081-exec-4] o.s.security.web.FilterChainProxy - Secured GET /v3/api-docs
2026-08-11 11:27:32 INFO  [http-nio-8081-exec-4] o.s.api.AbstractOpenApiResource - Init duration for springdoc-openapi is: 703 ms
2026-08-11 11:28:11 DEBUG [http-nio-8081-exec-5] o.s.security.web.FilterChainProxy - Securing POST /api/v1/auth/login
2026-08-11 11:28:11 DEBUG [http-nio-8081-exec-5] o.s.s.w.a.AnonymousAuthenticationFilter - Set SecurityContextHolder to anonymous SecurityContext
2026-08-11 11:28:11 DEBUG [http-nio-8081-exec-5] o.s.security.web.FilterChainProxy - Secured POST /api/v1/auth/login
2026-08-11 11:28:11 DEBUG [http-nio-8081-exec-5] o.s.s.a.d.DaoAuthenticationProvider - Authenticated user
2026-08-11 11:28:45 DEBUG [http-nio-8081-exec-10] o.s.security.web.FilterChainProxy - Securing POST /api/v1/tasks/1/attachments
2026-08-11 11:28:45 DEBUG [http-nio-8081-exec-10] o.s.security.web.FilterChainProxy - Secured POST /api/v1/tasks/1/attachments
2026-08-11 11:28:45 WARN  [http-nio-8081-exec-10] o.s.w.s.m.m.a.ExceptionHandlerExceptionResolver - Resolved [org.hibernate.LazyInitializationException: Could not initialize proxy [com.devaihub.backend.entity.Project#2] - no session]
2026-08-11 11:30:14 INFO  [File Watcher] o.s.b.d.a.LocalDevToolsAutoConfiguration$RestartingClassPathChangeChangedEventListener - Restarting due to 1 class path change (0 additions, 0 deletions, 1 modification)
2026-08-11 11:30:14 INFO  [Thread-5] o.s.b.w.e.tomcat.GracefulShutdown - Commencing graceful shutdown. Waiting for active requests to complete
2026-08-11 11:30:14 INFO  [tomcat-shutdown] o.s.b.w.e.tomcat.GracefulShutdown - Graceful shutdown complete
2026-08-11 11:30:14 INFO  [Thread-5] o.s.m.s.b.SimpleBrokerMessageHandler - Stopping...
2026-08-11 11:30:14 INFO  [Thread-5] o.s.m.s.b.SimpleBrokerMessageHandler - BrokerAvailabilityEvent[available=false, SimpleBrokerMessageHandler [org.springframework.messaging.simp.broker.DefaultSubscriptionRegistry@7dc53c4c]]
2026-08-11 11:30:14 INFO  [Thread-5] o.s.m.s.b.SimpleBrokerMessageHandler - Stopped.
2026-08-11 11:30:14 INFO  [Thread-5] o.s.o.j.LocalContainerEntityManagerFactoryBean - Closing JPA EntityManagerFactory for persistence unit 'default'
2026-08-11 11:30:14 INFO  [Thread-5] com.zaxxer.hikari.HikariDataSource - HikariPool-1 - Shutdown initiated...
2026-08-11 11:30:14 INFO  [Thread-5] com.zaxxer.hikari.HikariDataSource - HikariPool-1 - Shutdown completed.
2026-08-11 11:30:14 INFO  [restartedMain] c.d.backend.BackendApplication - Starting BackendApplication using Java 24.0.1 with PID 30048 (D:\DevAI-Hub\backend\target\classes started by Aadesh kumar in D:\DevAI-Hub\backend)
2026-08-11 11:30:14 DEBUG [restartedMain] c.d.backend.BackendApplication - Running with Spring Boot v3.5.6, Spring v6.2.11
2026-08-11 11:30:14 INFO  [restartedMain] c.d.backend.BackendApplication - The following 1 profile is active: "dev"
2026-08-11 11:30:15 INFO  [restartedMain] o.s.d.r.c.RepositoryConfigurationDelegate - Bootstrapping Spring Data JPA repositories in DEFAULT mode.
2026-08-11 11:30:15 INFO  [restartedMain] o.s.d.r.c.RepositoryConfigurationDelegate - Finished Spring Data repository scanning in 36 ms. Found 9 JPA repository interfaces.
2026-08-11 11:30:15 INFO  [restartedMain] o.s.b.w.e.tomcat.TomcatWebServer - Tomcat initialized with port 8081 (http)
2026-08-11 11:30:15 INFO  [restartedMain] o.a.catalina.core.StandardService - Starting service [Tomcat]
2026-08-11 11:30:15 INFO  [restartedMain] o.a.catalina.core.StandardEngine - Starting Servlet engine: [Apache Tomcat/10.1.46]
2026-08-11 11:30:15 INFO  [restartedMain] o.a.c.c.C.[Tomcat].[localhost].[/] - Initializing Spring embedded WebApplicationContext
2026-08-11 11:30:15 INFO  [restartedMain] o.s.b.w.s.c.ServletWebServerApplicationContext - Root WebApplicationContext: initialization completed in 635 ms
2026-08-11 11:30:15 INFO  [restartedMain] o.h.jpa.internal.util.LogHelper - HHH000204: Processing PersistenceUnitInfo [name: default]
2026-08-11 11:30:15 INFO  [restartedMain] o.h.c.i.RegionFactoryInitiator - HHH000026: Second-level cache disabled
2026-08-11 11:30:15 INFO  [restartedMain] o.s.o.j.p.SpringPersistenceUnitInfo - No LoadTimeWeaver setup: ignoring JPA class transformer
2026-08-11 11:30:15 INFO  [restartedMain] com.zaxxer.hikari.HikariDataSource - HikariPool-2 - Starting...
2026-08-11 11:30:15 INFO  [restartedMain] com.zaxxer.hikari.pool.HikariPool - HikariPool-2 - Added connection org.postgresql.jdbc.PgConnection@5b900eae
2026-08-11 11:30:15 INFO  [restartedMain] com.zaxxer.hikari.HikariDataSource - HikariPool-2 - Start completed.
2026-08-11 11:30:15 WARN  [restartedMain] org.hibernate.orm.deprecation - HHH90000025: PostgreSQLDialect does not need to be specified explicitly using 'hibernate.dialect' (remove the property setting and it will be selected by default)
2026-08-11 11:30:15 INFO  [restartedMain] o.hibernate.orm.connections.pooling - HHH10001005: Database info:
	Database JDBC URL [Connecting through datasource 'HikariDataSource (HikariPool-2)']
	Database driver: undefined/unknown
	Database version: 16.14
	Autocommit mode: undefined/unknown
	Isolation level: undefined/unknown
	Minimum pool size: undefined/unknown
	Maximum pool size: undefined/unknown
2026-08-11 11:30:15 INFO  [restartedMain] o.h.e.t.j.p.i.JtaPlatformInitiator - HHH000489: No JTA platform available (set 'hibernate.transaction.jta.platform' to enable JTA platform integration)
2026-08-11 11:30:16 INFO  [restartedMain] o.s.o.j.LocalContainerEntityManagerFactoryBean - Initialized JPA EntityManagerFactory for persistence unit 'default'
2026-08-11 11:30:16 DEBUG [restartedMain] c.d.b.s.JwtAuthenticationFilter - Filter 'jwtAuthenticationFilter' configured for use
2026-08-11 11:30:16 INFO  [restartedMain] o.s.s.c.a.a.c.InitializeAuthenticationProviderBeanManagerConfigurer$InitializeAuthenticationProviderManagerConfigurer - Global AuthenticationManager configured with AuthenticationProvider bean with name authenticationProvider
2026-08-11 11:30:16 WARN  [restartedMain] o.s.s.c.a.a.c.InitializeUserDetailsBeanManagerConfigurer$InitializeUserDetailsManagerConfigurer - Global AuthenticationManager configured with an AuthenticationProvider bean. UserDetailsService beans will not be used by Spring Security for automatically configuring username/password login. Consider removing the AuthenticationProvider bean. Alternatively, consider using the UserDetailsService in a manually instantiated DaoAuthenticationProvider. If the current configuration is intentional, to turn off this warning, increase the logging level of 'org.springframework.security.config.annotation.authentication.configuration.InitializeUserDetailsBeanManagerConfigurer' to ERROR
2026-08-11 11:30:17 INFO  [restartedMain] o.s.b.a.e.web.EndpointLinksResolver - Exposing 2 endpoints beneath base path '/actuator'
2026-08-11 11:30:17 DEBUG [restartedMain] o.s.s.web.DefaultSecurityFilterChain - Will secure any request with filters: DisableEncodeUrlFilter, WebAsyncManagerIntegrationFilter, SecurityContextHolderFilter, HeaderWriterFilter, CorsFilter, LogoutFilter, JwtAuthenticationFilter, RequestCacheAwareFilter, SecurityContextHolderAwareRequestFilter, AnonymousAuthenticationFilter, SessionManagementFilter, ExceptionTranslationFilter, AuthorizationFilter
2026-08-11 11:30:17 INFO  [restartedMain] o.s.b.d.a.OptionalLiveReloadServer - LiveReload server is running on port 35729
2026-08-11 11:30:17 INFO  [restartedMain] o.s.m.s.b.SimpleBrokerMessageHandler - Starting...
2026-08-11 11:30:17 INFO  [restartedMain] o.s.m.s.b.SimpleBrokerMessageHandler - BrokerAvailabilityEvent[available=true, SimpleBrokerMessageHandler [org.springframework.messaging.simp.broker.DefaultSubscriptionRegistry@ec7bb13]]
2026-08-11 11:30:17 INFO  [restartedMain] o.s.m.s.b.SimpleBrokerMessageHandler - Started.
2026-08-11 11:30:17 INFO  [restartedMain] o.s.b.w.e.tomcat.TomcatWebServer - Tomcat started on port 8081 (http) with context path '/'
2026-08-11 11:30:17 INFO  [restartedMain] c.d.backend.BackendApplication - Started BackendApplication in 2.647 seconds (process running for 985.823)
2026-08-11 11:30:17 INFO  [restartedMain] o.s.b.d.a.ConditionEvaluationDeltaLoggingListener - Condition evaluation unchanged
2026-08-11 11:30:33 INFO  [File Watcher] o.s.b.d.a.LocalDevToolsAutoConfiguration$RestartingClassPathChangeChangedEventListener - Restarting due to 1 class path change (0 additions, 0 deletions, 1 modification)
2026-08-11 11:30:33 INFO  [Thread-7] o.s.b.w.e.tomcat.GracefulShutdown - Commencing graceful shutdown. Waiting for active requests to complete
2026-08-11 11:30:33 INFO  [tomcat-shutdown] o.s.b.w.e.tomcat.GracefulShutdown - Graceful shutdown complete
2026-08-11 11:30:33 INFO  [Thread-7] o.s.m.s.b.SimpleBrokerMessageHandler - Stopping...
2026-08-11 11:30:33 INFO  [Thread-7] o.s.m.s.b.SimpleBrokerMessageHandler - BrokerAvailabilityEvent[available=false, SimpleBrokerMessageHandler [org.springframework.messaging.simp.broker.DefaultSubscriptionRegistry@ec7bb13]]
2026-08-11 11:30:33 INFO  [Thread-7] o.s.m.s.b.SimpleBrokerMessageHandler - Stopped.
2026-08-11 11:30:33 INFO  [Thread-7] o.s.o.j.LocalContainerEntityManagerFactoryBean - Closing JPA EntityManagerFactory for persistence unit 'default'
2026-08-11 11:30:33 INFO  [Thread-7] com.zaxxer.hikari.HikariDataSource - HikariPool-2 - Shutdown initiated...
2026-08-11 11:30:33 INFO  [Thread-7] com.zaxxer.hikari.HikariDataSource - HikariPool-2 - Shutdown completed.
2026-08-11 11:30:33 INFO  [restartedMain] c.d.backend.BackendApplication - Starting BackendApplication using Java 24.0.1 with PID 30048 (D:\DevAI-Hub\backend\target\classes started by Aadesh kumar in D:\DevAI-Hub\backend)
2026-08-11 11:30:33 DEBUG [restartedMain] c.d.backend.BackendApplication - Running with Spring Boot v3.5.6, Spring v6.2.11
2026-08-11 11:30:33 INFO  [restartedMain] c.d.backend.BackendApplication - The following 1 profile is active: "dev"
2026-08-11 11:30:33 INFO  [restartedMain] o.s.d.r.c.RepositoryConfigurationDelegate - Bootstrapping Spring Data JPA repositories in DEFAULT mode.
2026-08-11 11:30:33 INFO  [restartedMain] o.s.d.r.c.RepositoryConfigurationDelegate - Finished Spring Data repository scanning in 41 ms. Found 9 JPA repository interfaces.
2026-08-11 11:30:33 INFO  [restartedMain] o.s.b.w.e.tomcat.TomcatWebServer - Tomcat initialized with port 8081 (http)
2026-08-11 11:30:33 INFO  [restartedMain] o.a.catalina.core.StandardService - Starting service [Tomcat]
2026-08-11 11:30:33 INFO  [restartedMain] o.a.catalina.core.StandardEngine - Starting Servlet engine: [Apache Tomcat/10.1.46]
2026-08-11 11:30:33 INFO  [restartedMain] o.a.c.c.C.[Tomcat].[localhost].[/] - Initializing Spring embedded WebApplicationContext
2026-08-11 11:30:33 INFO  [restartedMain] o.s.b.w.s.c.ServletWebServerApplicationContext - Root WebApplicationContext: initialization completed in 572 ms
2026-08-11 11:30:33 INFO  [restartedMain] o.h.jpa.internal.util.LogHelper - HHH000204: Processing PersistenceUnitInfo [name: default]
2026-08-11 11:30:33 INFO  [restartedMain] o.h.c.i.RegionFactoryInitiator - HHH000026: Second-level cache disabled
2026-08-11 11:30:33 INFO  [restartedMain] o.s.o.j.p.SpringPersistenceUnitInfo - No LoadTimeWeaver setup: ignoring JPA class transformer
2026-08-11 11:30:33 INFO  [restartedMain] com.zaxxer.hikari.HikariDataSource - HikariPool-3 - Starting...
2026-08-11 11:30:33 INFO  [restartedMain] com.zaxxer.hikari.pool.HikariPool - HikariPool-3 - Added connection org.postgresql.jdbc.PgConnection@7dede3d3
2026-08-11 11:30:33 INFO  [restartedMain] com.zaxxer.hikari.HikariDataSource - HikariPool-3 - Start completed.
2026-08-11 11:30:33 WARN  [restartedMain] org.hibernate.orm.deprecation - HHH90000025: PostgreSQLDialect does not need to be specified explicitly using 'hibernate.dialect' (remove the property setting and it will be selected by default)
2026-08-11 11:30:33 INFO  [restartedMain] o.hibernate.orm.connections.pooling - HHH10001005: Database info:
	Database JDBC URL [Connecting through datasource 'HikariDataSource (HikariPool-3)']
	Database driver: undefined/unknown
	Database version: 16.14
	Autocommit mode: undefined/unknown
	Isolation level: undefined/unknown
	Minimum pool size: undefined/unknown
	Maximum pool size: undefined/unknown
2026-08-11 11:30:34 INFO  [restartedMain] o.h.e.t.j.p.i.JtaPlatformInitiator - HHH000489: No JTA platform available (set 'hibernate.transaction.jta.platform' to enable JTA platform integration)
2026-08-11 11:30:34 INFO  [restartedMain] o.s.o.j.LocalContainerEntityManagerFactoryBean - Initialized JPA EntityManagerFactory for persistence unit 'default'
2026-08-11 11:30:34 DEBUG [restartedMain] c.d.b.s.JwtAuthenticationFilter - Filter 'jwtAuthenticationFilter' configured for use
2026-08-11 11:30:35 INFO  [restartedMain] o.s.s.c.a.a.c.InitializeAuthenticationProviderBeanManagerConfigurer$InitializeAuthenticationProviderManagerConfigurer - Global AuthenticationManager configured with AuthenticationProvider bean with name authenticationProvider
2026-08-11 11:30:35 WARN  [restartedMain] o.s.s.c.a.a.c.InitializeUserDetailsBeanManagerConfigurer$InitializeUserDetailsManagerConfigurer - Global AuthenticationManager configured with an AuthenticationProvider bean. UserDetailsService beans will not be used by Spring Security for automatically configuring username/password login. Consider removing the AuthenticationProvider bean. Alternatively, consider using the UserDetailsService in a manually instantiated DaoAuthenticationProvider. If the current configuration is intentional, to turn off this warning, increase the logging level of 'org.springframework.security.config.annotation.authentication.configuration.InitializeUserDetailsBeanManagerConfigurer' to ERROR
2026-08-11 11:30:35 INFO  [restartedMain] o.s.b.a.e.web.EndpointLinksResolver - Exposing 2 endpoints beneath base path '/actuator'
2026-08-11 11:30:35 DEBUG [restartedMain] o.s.s.web.DefaultSecurityFilterChain - Will secure any request with filters: DisableEncodeUrlFilter, WebAsyncManagerIntegrationFilter, SecurityContextHolderFilter, HeaderWriterFilter, CorsFilter, LogoutFilter, JwtAuthenticationFilter, RequestCacheAwareFilter, SecurityContextHolderAwareRequestFilter, AnonymousAuthenticationFilter, SessionManagementFilter, ExceptionTranslationFilter, AuthorizationFilter
2026-08-11 11:30:35 INFO  [restartedMain] o.s.b.d.a.OptionalLiveReloadServer - LiveReload server is running on port 35729
2026-08-11 11:30:35 INFO  [restartedMain] o.s.m.s.b.SimpleBrokerMessageHandler - Starting...
2026-08-11 11:30:35 INFO  [restartedMain] o.s.m.s.b.SimpleBrokerMessageHandler - BrokerAvailabilityEvent[available=true, SimpleBrokerMessageHandler [org.springframework.messaging.simp.broker.DefaultSubscriptionRegistry@56315d98]]
2026-08-11 11:30:35 INFO  [restartedMain] o.s.m.s.b.SimpleBrokerMessageHandler - Started.
2026-08-11 11:30:35 INFO  [restartedMain] o.s.b.w.e.tomcat.TomcatWebServer - Tomcat started on port 8081 (http) with context path '/'
2026-08-11 11:30:35 INFO  [restartedMain] c.d.backend.BackendApplication - Started BackendApplication in 2.49 seconds (process running for 1004.016)
2026-08-11 11:30:35 INFO  [restartedMain] o.s.b.d.a.ConditionEvaluationDeltaLoggingListener - Condition evaluation unchanged
2026-08-11 11:31:30 INFO  [SpringApplicationShutdownHook] o.s.b.w.e.tomcat.GracefulShutdown - Commencing graceful shutdown. Waiting for active requests to complete
2026-08-11 11:31:30 INFO  [tomcat-shutdown] o.s.b.w.e.tomcat.GracefulShutdown - Graceful shutdown complete
2026-08-11 11:31:30 INFO  [SpringApplicationShutdownHook] o.s.m.s.b.SimpleBrokerMessageHandler - Stopping...
2026-08-11 11:31:30 INFO  [SpringApplicationShutdownHook] o.s.m.s.b.SimpleBrokerMessageHandler - BrokerAvailabilityEvent[available=false, SimpleBrokerMessageHandler [org.springframework.messaging.simp.broker.DefaultSubscriptionRegistry@56315d98]]
2026-08-11 11:31:30 INFO  [SpringApplicationShutdownHook] o.s.m.s.b.SimpleBrokerMessageHandler - Stopped.
2026-08-11 11:31:30 INFO  [SpringApplicationShutdownHook] o.s.o.j.LocalContainerEntityManagerFactoryBean - Closing JPA EntityManagerFactory for persistence unit 'default'
2026-08-11 11:31:30 INFO  [SpringApplicationShutdownHook] com.zaxxer.hikari.HikariDataSource - HikariPool-3 - Shutdown initiated...
2026-08-11 11:31:30 INFO  [SpringApplicationShutdownHook] com.zaxxer.hikari.HikariDataSource - HikariPool-3 - Shutdown completed.
2026-08-11 11:31:35 INFO  [restartedMain] c.d.backend.BackendApplication - Starting BackendApplication using Java 24.0.1 with PID 7508 (D:\DevAI-Hub\backend\target\classes started by Aadesh kumar in D:\DevAI-Hub\backend)
2026-08-11 11:31:35 DEBUG [restartedMain] c.d.backend.BackendApplication - Running with Spring Boot v3.5.6, Spring v6.2.11
2026-08-11 11:31:35 INFO  [restartedMain] c.d.backend.BackendApplication - The following 1 profile is active: "dev"
2026-08-11 11:31:35 INFO  [restartedMain] o.s.b.d.e.DevToolsPropertyDefaultsPostProcessor - Devtools property defaults active! Set 'spring.devtools.add-properties' to 'false' to disable
2026-08-11 11:31:35 INFO  [restartedMain] o.s.b.d.e.DevToolsPropertyDefaultsPostProcessor - For additional web related logging consider setting the 'logging.level.web' property to 'DEBUG'
2026-08-11 11:31:36 INFO  [restartedMain] o.s.d.r.c.RepositoryConfigurationDelegate - Bootstrapping Spring Data JPA repositories in DEFAULT mode.
2026-08-11 11:31:36 INFO  [restartedMain] o.s.d.r.c.RepositoryConfigurationDelegate - Finished Spring Data repository scanning in 85 ms. Found 9 JPA repository interfaces.
2026-08-11 11:31:36 INFO  [restartedMain] o.s.b.w.e.tomcat.TomcatWebServer - Tomcat initialized with port 8081 (http)
2026-08-11 11:31:36 INFO  [restartedMain] o.a.catalina.core.StandardService - Starting service [Tomcat]
2026-08-11 11:31:36 INFO  [restartedMain] o.a.catalina.core.StandardEngine - Starting Servlet engine: [Apache Tomcat/10.1.46]
2026-08-11 11:31:36 INFO  [restartedMain] o.a.c.c.C.[Tomcat].[localhost].[/] - Initializing Spring embedded WebApplicationContext
2026-08-11 11:31:36 INFO  [restartedMain] o.s.b.w.s.c.ServletWebServerApplicationContext - Root WebApplicationContext: initialization completed in 1869 ms
2026-08-11 11:31:37 INFO  [restartedMain] o.h.jpa.internal.util.LogHelper - HHH000204: Processing PersistenceUnitInfo [name: default]
2026-08-11 11:31:37 INFO  [restartedMain] org.hibernate.Version - HHH000412: Hibernate ORM core version 6.6.29.Final
2026-08-11 11:31:37 INFO  [restartedMain] o.h.c.i.RegionFactoryInitiator - HHH000026: Second-level cache disabled
2026-08-11 11:31:37 INFO  [restartedMain] o.s.o.j.p.SpringPersistenceUnitInfo - No LoadTimeWeaver setup: ignoring JPA class transformer
2026-08-11 11:31:37 INFO  [restartedMain] com.zaxxer.hikari.HikariDataSource - HikariPool-1 - Starting...
2026-08-11 11:31:37 INFO  [restartedMain] com.zaxxer.hikari.pool.HikariPool - HikariPool-1 - Added connection org.postgresql.jdbc.PgConnection@262a6ca0
2026-08-11 11:31:37 INFO  [restartedMain] com.zaxxer.hikari.HikariDataSource - HikariPool-1 - Start completed.
2026-08-11 11:31:37 WARN  [restartedMain] org.hibernate.orm.deprecation - HHH90000025: PostgreSQLDialect does not need to be specified explicitly using 'hibernate.dialect' (remove the property setting and it will be selected by default)
2026-08-11 11:31:37 INFO  [restartedMain] o.hibernate.orm.connections.pooling - HHH10001005: Database info:
	Database JDBC URL [Connecting through datasource 'HikariDataSource (HikariPool-1)']
	Database driver: undefined/unknown
	Database version: 16.14
	Autocommit mode: undefined/unknown
	Isolation level: undefined/unknown
	Minimum pool size: undefined/unknown
	Maximum pool size: undefined/unknown
2026-08-11 11:31:38 INFO  [restartedMain] o.h.e.t.j.p.i.JtaPlatformInitiator - HHH000489: No JTA platform available (set 'hibernate.transaction.jta.platform' to enable JTA platform integration)
2026-08-11 11:31:39 INFO  [restartedMain] o.s.o.j.LocalContainerEntityManagerFactoryBean - Initialized JPA EntityManagerFactory for persistence unit 'default'
2026-08-11 11:31:39 DEBUG [restartedMain] c.d.b.s.JwtAuthenticationFilter - Filter 'jwtAuthenticationFilter' configured for use
2026-08-11 11:31:39 INFO  [restartedMain] o.s.d.j.r.query.QueryEnhancerFactory - Hibernate is in classpath; If applicable, HQL parser will be used.
2026-08-11 11:31:40 INFO  [restartedMain] o.s.s.c.a.a.c.InitializeAuthenticationProviderBeanManagerConfigurer$InitializeAuthenticationProviderManagerConfigurer - Global AuthenticationManager configured with AuthenticationProvider bean with name authenticationProvider
2026-08-11 11:31:40 WARN  [restartedMain] o.s.s.c.a.a.c.InitializeUserDetailsBeanManagerConfigurer$InitializeUserDetailsManagerConfigurer - Global AuthenticationManager configured with an AuthenticationProvider bean. UserDetailsService beans will not be used by Spring Security for automatically configuring username/password login. Consider removing the AuthenticationProvider bean. Alternatively, consider using the UserDetailsService in a manually instantiated DaoAuthenticationProvider. If the current configuration is intentional, to turn off this warning, increase the logging level of 'org.springframework.security.config.annotation.authentication.configuration.InitializeUserDetailsBeanManagerConfigurer' to ERROR
2026-08-11 11:31:41 INFO  [restartedMain] o.s.b.a.e.web.EndpointLinksResolver - Exposing 2 endpoints beneath base path '/actuator'
2026-08-11 11:31:41 DEBUG [restartedMain] o.s.s.web.DefaultSecurityFilterChain - Will secure any request with filters: DisableEncodeUrlFilter, WebAsyncManagerIntegrationFilter, SecurityContextHolderFilter, HeaderWriterFilter, CorsFilter, LogoutFilter, JwtAuthenticationFilter, RequestCacheAwareFilter, SecurityContextHolderAwareRequestFilter, AnonymousAuthenticationFilter, SessionManagementFilter, ExceptionTranslationFilter, AuthorizationFilter
2026-08-11 11:31:41 INFO  [restartedMain] o.s.b.d.a.OptionalLiveReloadServer - LiveReload server is running on port 35729
2026-08-11 11:31:41 INFO  [restartedMain] o.s.m.s.b.SimpleBrokerMessageHandler - Starting...
2026-08-11 11:31:41 INFO  [restartedMain] o.s.m.s.b.SimpleBrokerMessageHandler - BrokerAvailabilityEvent[available=true, SimpleBrokerMessageHandler [org.springframework.messaging.simp.broker.DefaultSubscriptionRegistry@134724cb]]
2026-08-11 11:31:41 INFO  [restartedMain] o.s.m.s.b.SimpleBrokerMessageHandler - Started.
2026-08-11 11:31:41 INFO  [restartedMain] o.s.b.w.e.tomcat.TomcatWebServer - Tomcat started on port 8081 (http) with context path '/'
2026-08-11 11:31:41 INFO  [restartedMain] c.d.backend.BackendApplication - Started BackendApplication in 7.313 seconds (process running for 7.868)
2026-08-11 11:31:56 INFO  [http-nio-8081-exec-1] o.a.c.c.C.[Tomcat].[localhost].[/] - Initializing Spring DispatcherServlet 'dispatcherServlet'
2026-08-11 11:31:56 INFO  [http-nio-8081-exec-1] o.s.web.servlet.DispatcherServlet - Initializing Servlet 'dispatcherServlet'
2026-08-11 11:31:56 INFO  [http-nio-8081-exec-1] o.s.web.servlet.DispatcherServlet - Completed initialization in 1 ms
2026-08-11 11:31:56 DEBUG [http-nio-8081-exec-1] o.s.security.web.FilterChainProxy - Securing POST /api/v1/tasks/1/attachments
2026-08-11 11:31:56 DEBUG [http-nio-8081-exec-1] o.s.security.web.FilterChainProxy - Secured POST /api/v1/tasks/1/attachments
2026-08-11 11:32:29 DEBUG [http-nio-8081-exec-2] o.s.security.web.FilterChainProxy - Securing OPTIONS /api/v1/tasks/1/attachments
2026-08-11 11:32:29 DEBUG [http-nio-8081-exec-3] o.s.security.web.FilterChainProxy - Securing POST /api/v1/tasks/1/attachments
2026-08-11 11:32:29 DEBUG [http-nio-8081-exec-3] o.s.security.web.FilterChainProxy - Secured POST /api/v1/tasks/1/attachments
2026-08-11 11:32:41 INFO  [MessageBroker-1] o.s.w.s.c.WebSocketMessageBrokerStats - WebSocketSession[0 current WS(0)-HttpStream(0)-HttpPoll(0), 0 total, 0 closed abnormally (0 connect failure, 0 send limit, 0 transport error)], stompSubProtocol[processed CONNECT(0)-CONNECTED(0)-DISCONNECT(0)], stompBrokerRelay[null], inboundChannel[pool size = 0, active threads = 0, queued tasks = 0, completed tasks = 0], outboundChannel[pool size = 0, active threads = 0, queued tasks = 0, completed tasks = 0], sockJsScheduler[pool size = 1, active threads = 1, queued tasks = 0, completed tasks = 0]
2026-08-11 11:33:28 DEBUG [http-nio-8081-exec-5] o.s.security.web.FilterChainProxy - Securing GET /api/v1/tasks/1/attachments
2026-08-11 11:33:28 DEBUG [http-nio-8081-exec-5] o.s.security.web.FilterChainProxy - Secured GET /api/v1/tasks/1/attachments
2026-08-11 11:39:14 DEBUG [http-nio-8081-exec-8] o.s.security.web.FilterChainProxy - Securing OPTIONS /api/v1/tasks/1/attachments
2026-08-11 11:39:14 DEBUG [http-nio-8081-exec-9] o.s.security.web.FilterChainProxy - Securing GET /api/v1/tasks/1/attachments
2026-08-11 11:39:14 DEBUG [http-nio-8081-exec-9] o.s.security.web.FilterChainProxy - Secured GET /api/v1/tasks/1/attachments
2026-08-11 11:39:22 DEBUG [http-nio-8081-exec-6] o.s.security.web.FilterChainProxy - Securing OPTIONS /api/v1/tasks/1/attachments/5
2026-08-11 11:39:22 DEBUG [http-nio-8081-exec-1] o.s.security.web.FilterChainProxy - Securing DELETE /api/v1/tasks/1/attachments/5
2026-08-11 11:39:22 DEBUG [http-nio-8081-exec-1] o.s.security.web.FilterChainProxy - Secured DELETE /api/v1/tasks/1/attachments/5
2026-08-11 11:39:25 DEBUG [http-nio-8081-exec-2] o.s.security.web.FilterChainProxy - Securing OPTIONS /api/v1/tasks/1/attachments/4
2026-08-11 11:39:25 DEBUG [http-nio-8081-exec-3] o.s.security.web.FilterChainProxy - Securing DELETE /api/v1/tasks/1/attachments/4
2026-08-11 11:39:25 DEBUG [http-nio-8081-exec-3] o.s.security.web.FilterChainProxy - Secured DELETE /api/v1/tasks/1/attachments/4
2026-08-11 11:39:29 DEBUG [http-nio-8081-exec-4] o.s.security.web.FilterChainProxy - Securing OPTIONS /api/v1/tasks/1/attachments/3
2026-08-11 11:39:29 DEBUG [http-nio-8081-exec-5] o.s.security.web.FilterChainProxy - Securing DELETE /api/v1/tasks/1/attachments/3
2026-08-11 11:39:29 DEBUG [http-nio-8081-exec-5] o.s.security.web.FilterChainProxy - Secured DELETE /api/v1/tasks/1/attachments/3
2026-08-11 11:42:35 INFO  [File Watcher] o.s.b.d.a.LocalDevToolsAutoConfiguration$RestartingClassPathChangeChangedEventListener - Restarting due to 2 class path changes (0 additions, 0 deletions, 2 modifications)
2026-08-11 11:42:35 INFO  [Thread-5] o.s.b.w.e.tomcat.GracefulShutdown - Commencing graceful shutdown. Waiting for active requests to complete
2026-08-11 11:42:35 INFO  [tomcat-shutdown] o.s.b.w.e.tomcat.GracefulShutdown - Graceful shutdown complete
2026-08-11 11:42:35 INFO  [Thread-5] o.s.m.s.b.SimpleBrokerMessageHandler - Stopping...
2026-08-11 11:42:35 INFO  [Thread-5] o.s.m.s.b.SimpleBrokerMessageHandler - BrokerAvailabilityEvent[available=false, SimpleBrokerMessageHandler [org.springframework.messaging.simp.broker.DefaultSubscriptionRegistry@134724cb]]
2026-08-11 11:42:35 INFO  [Thread-5] o.s.m.s.b.SimpleBrokerMessageHandler - Stopped.
2026-08-11 11:42:35 INFO  [Thread-5] o.s.o.j.LocalContainerEntityManagerFactoryBean - Closing JPA EntityManagerFactory for persistence unit 'default'
2026-08-11 11:42:35 INFO  [Thread-5] com.zaxxer.hikari.HikariDataSource - HikariPool-1 - Shutdown initiated...
2026-08-11 11:42:35 INFO  [Thread-5] com.zaxxer.hikari.HikariDataSource - HikariPool-1 - Shutdown completed.
2026-08-11 11:42:35 INFO  [restartedMain] c.d.backend.BackendApplication - Starting BackendApplication using Java 24.0.1 with PID 7508 (D:\DevAI-Hub\backend\target\classes started by Aadesh kumar in D:\DevAI-Hub\backend)
2026-08-11 11:42:35 DEBUG [restartedMain] c.d.backend.BackendApplication - Running with Spring Boot v3.5.6, Spring v6.2.11
2026-08-11 11:42:35 INFO  [restartedMain] c.d.backend.BackendApplication - The following 1 profile is active: "dev"
2026-08-11 11:42:35 INFO  [restartedMain] o.s.d.r.c.RepositoryConfigurationDelegate - Bootstrapping Spring Data JPA repositories in DEFAULT mode.
2026-08-11 11:42:36 INFO  [restartedMain] o.s.d.r.c.RepositoryConfigurationDelegate - Finished Spring Data repository scanning in 40 ms. Found 9 JPA repository interfaces.
2026-08-11 11:42:36 INFO  [restartedMain] o.s.b.w.e.tomcat.TomcatWebServer - Tomcat initialized with port 8081 (http)
2026-08-11 11:42:36 INFO  [restartedMain] o.a.catalina.core.StandardService - Starting service [Tomcat]
2026-08-11 11:42:36 INFO  [restartedMain] o.a.catalina.core.StandardEngine - Starting Servlet engine: [Apache Tomcat/10.1.46]
2026-08-11 11:42:36 INFO  [restartedMain] o.a.c.c.C.[Tomcat].[localhost].[/] - Initializing Spring embedded WebApplicationContext
2026-08-11 11:42:36 INFO  [restartedMain] o.s.b.w.s.c.ServletWebServerApplicationContext - Root WebApplicationContext: initialization completed in 679 ms
2026-08-11 11:42:36 INFO  [restartedMain] o.h.jpa.internal.util.LogHelper - HHH000204: Processing PersistenceUnitInfo [name: default]
2026-08-11 11:42:36 INFO  [restartedMain] o.h.c.i.RegionFactoryInitiator - HHH000026: Second-level cache disabled
2026-08-11 11:42:36 INFO  [restartedMain] o.s.o.j.p.SpringPersistenceUnitInfo - No LoadTimeWeaver setup: ignoring JPA class transformer
2026-08-11 11:42:36 INFO  [restartedMain] com.zaxxer.hikari.HikariDataSource - HikariPool-2 - Starting...
2026-08-11 11:42:36 INFO  [restartedMain] com.zaxxer.hikari.pool.HikariPool - HikariPool-2 - Added connection org.postgresql.jdbc.PgConnection@7a2df5ff
2026-08-11 11:42:36 INFO  [restartedMain] com.zaxxer.hikari.HikariDataSource - HikariPool-2 - Start completed.
2026-08-11 11:42:36 WARN  [restartedMain] org.hibernate.orm.deprecation - HHH90000025: PostgreSQLDialect does not need to be specified explicitly using 'hibernate.dialect' (remove the property setting and it will be selected by default)
2026-08-11 11:42:36 INFO  [restartedMain] o.hibernate.orm.connections.pooling - HHH10001005: Database info:
	Database JDBC URL [Connecting through datasource 'HikariDataSource (HikariPool-2)']
	Database driver: undefined/unknown
	Database version: 16.14
	Autocommit mode: undefined/unknown
	Isolation level: undefined/unknown
	Minimum pool size: undefined/unknown
	Maximum pool size: undefined/unknown
2026-08-11 11:42:36 INFO  [restartedMain] o.h.e.t.j.p.i.JtaPlatformInitiator - HHH000489: No JTA platform available (set 'hibernate.transaction.jta.platform' to enable JTA platform integration)
2026-08-11 11:42:37 INFO  [restartedMain] o.s.o.j.LocalContainerEntityManagerFactoryBean - Initialized JPA EntityManagerFactory for persistence unit 'default'
2026-08-11 11:42:37 DEBUG [restartedMain] c.d.b.s.JwtAuthenticationFilter - Filter 'jwtAuthenticationFilter' configured for use
2026-08-11 11:42:37 WARN  [restartedMain] o.s.b.w.s.c.AnnotationConfigServletWebServerApplicationContext - Exception encountered during context initialization - cancelling refresh attempt: org.springframework.beans.factory.UnsatisfiedDependencyException: Error creating bean with name 'attachmentController' defined in file [D:\DevAI-Hub\backend\target\classes\com\devaihub\backend\controller\AttachmentController.class]: Unsatisfied dependency expressed through constructor parameter 0: Error creating bean with name 'attachmentServiceImpl': Lookup method resolution failed
2026-08-11 11:42:37 INFO  [restartedMain] o.s.o.j.LocalContainerEntityManagerFactoryBean - Closing JPA EntityManagerFactory for persistence unit 'default'
2026-08-11 11:42:37 INFO  [restartedMain] com.zaxxer.hikari.HikariDataSource - HikariPool-2 - Shutdown initiated...
2026-08-11 11:42:37 INFO  [restartedMain] com.zaxxer.hikari.HikariDataSource - HikariPool-2 - Shutdown completed.
2026-08-11 11:42:37 INFO  [restartedMain] o.a.catalina.core.StandardService - Stopping service [Tomcat]
2026-08-11 11:42:37 INFO  [restartedMain] o.s.b.a.l.ConditionEvaluationReportLogger - 

Error starting ApplicationContext. To display the condition evaluation report re-run your application with 'debug' enabled.
2026-08-11 11:42:37 ERROR [restartedMain] o.s.boot.SpringApplication - Application run failed
org.springframework.beans.factory.UnsatisfiedDependencyException: Error creating bean with name 'attachmentController' defined in file [D:\DevAI-Hub\backend\target\classes\com\devaihub\backend\controller\AttachmentController.class]: Unsatisfied dependency expressed through constructor parameter 0: Error creating bean with name 'attachmentServiceImpl': Lookup method resolution failed
	at org.springframework.beans.factory.support.ConstructorResolver.createArgumentArray(ConstructorResolver.java:804) ~[spring-beans-6.2.11.jar:6.2.11]
	at org.springframework.beans.factory.support.ConstructorResolver.autowireConstructor(ConstructorResolver.java:240) ~[spring-beans-6.2.11.jar:6.2.11]
	at org.springframework.beans.factory.support.AbstractAutowireCapableBeanFactory.autowireConstructor(AbstractAutowireCapableBeanFactory.java:1395) ~[spring-beans-6.2.11.jar:6.2.11]
	at org.springframework.beans.factory.support.AbstractAutowireCapableBeanFactory.createBeanInstance(AbstractAutowireCapableBeanFactory.java:1232) ~[spring-beans-6.2.11.jar:6.2.11]
	at org.springframework.beans.factory.support.AbstractAutowireCapableBeanFactory.doCreateBean(AbstractAutowireCapableBeanFactory.java:569) ~[spring-beans-6.2.11.jar:6.2.11]
	at org.springframework.beans.factory.support.AbstractAutowireCapableBeanFactory.createBean(AbstractAutowireCapableBeanFactory.java:529) ~[spring-beans-6.2.11.jar:6.2.11]
	at org.springframework.beans.factory.support.AbstractBeanFactory.lambda$doGetBean$0(AbstractBeanFactory.java:339) ~[spring-beans-6.2.11.jar:6.2.11]
	at org.springframework.beans.factory.support.DefaultSingletonBeanRegistry.getSingleton(DefaultSingletonBeanRegistry.java:373) ~[spring-beans-6.2.11.jar:6.2.11]
	at org.springframework.beans.factory.support.AbstractBeanFactory.doGetBean(AbstractBeanFactory.java:337) ~[spring-beans-6.2.11.jar:6.2.11]
	at org.springframework.beans.factory.support.AbstractBeanFactory.getBean(AbstractBeanFactory.java:202) ~[spring-beans-6.2.11.jar:6.2.11]
	at org.springframework.beans.factory.support.DefaultListableBeanFactory.instantiateSingleton(DefaultListableBeanFactory.java:1221) ~[spring-beans-6.2.11.jar:6.2.11]
	at org.springframework.beans.factory.support.DefaultListableBeanFactory.preInstantiateSingleton(DefaultListableBeanFactory.java:1187) ~[spring-beans-6.2.11.jar:6.2.11]
	at org.springframework.beans.factory.support.DefaultListableBeanFactory.preInstantiateSingletons(DefaultListableBeanFactory.java:1123) ~[spring-beans-6.2.11.jar:6.2.11]
	at org.springframework.context.support.AbstractApplicationContext.finishBeanFactoryInitialization(AbstractApplicationContext.java:987) ~[spring-context-6.2.11.jar:6.2.11]
	at org.springframework.context.support.AbstractApplicationContext.refresh(AbstractApplicationContext.java:627) ~[spring-context-6.2.11.jar:6.2.11]
	at org.springframework.boot.web.servlet.context.ServletWebServerApplicationContext.refresh(ServletWebServerApplicationContext.java:146) ~[spring-boot-3.5.6.jar:3.5.6]
	at org.springframework.boot.SpringApplication.refresh(SpringApplication.java:752) ~[spring-boot-3.5.6.jar:3.5.6]
	at org.springframework.boot.SpringApplication.refreshContext(SpringApplication.java:439) ~[spring-boot-3.5.6.jar:3.5.6]
	at org.springframework.boot.SpringApplication.run(SpringApplication.java:318) ~[spring-boot-3.5.6.jar:3.5.6]
	at org.springframework.boot.SpringApplication.run(SpringApplication.java:1361) ~[spring-boot-3.5.6.jar:3.5.6]
	at org.springframework.boot.SpringApplication.run(SpringApplication.java:1350) ~[spring-boot-3.5.6.jar:3.5.6]
	at com.devaihub.backend.BackendApplication.main(BackendApplication.java:11) ~[classes/:na]
	at java.base/jdk.internal.reflect.DirectMethodHandleAccessor.invoke(DirectMethodHandleAccessor.java:104) ~[na:na]
	at java.base/java.lang.reflect.Method.invoke(Method.java:565) ~[na:na]
	at org.springframework.boot.devtools.restart.RestartLauncher.run(RestartLauncher.java:50) ~[spring-boot-devtools-3.5.6.jar:3.5.6]
Caused by: org.springframework.beans.factory.BeanCreationException: Error creating bean with name 'attachmentServiceImpl': Lookup method resolution failed
	at org.springframework.beans.factory.annotation.AutowiredAnnotationBeanPostProcessor.checkLookupMethods(AutowiredAnnotationBeanPostProcessor.java:498) ~[spring-beans-6.2.11.jar:6.2.11]
	at org.springframework.beans.factory.annotation.AutowiredAnnotationBeanPostProcessor.determineCandidateConstructors(AutowiredAnnotationBeanPostProcessor.java:368) ~[spring-beans-6.2.11.jar:6.2.11]
	at org.springframework.beans.factory.support.AbstractAutowireCapableBeanFactory.determineConstructorsFromBeanPostProcessors(AbstractAutowireCapableBeanFactory.java:1334) ~[spring-beans-6.2.11.jar:6.2.11]
	at org.springframework.beans.factory.support.AbstractAutowireCapableBeanFactory.createBeanInstance(AbstractAutowireCapableBeanFactory.java:1229) ~[spring-beans-6.2.11.jar:6.2.11]
	at org.springframework.beans.factory.support.AbstractAutowireCapableBeanFactory.doCreateBean(AbstractAutowireCapableBeanFactory.java:569) ~[spring-beans-6.2.11.jar:6.2.11]
	at org.springframework.beans.factory.support.AbstractAutowireCapableBeanFactory.createBean(AbstractAutowireCapableBeanFactory.java:529) ~[spring-beans-6.2.11.jar:6.2.11]
	at org.springframework.beans.factory.support.AbstractBeanFactory.lambda$doGetBean$0(AbstractBeanFactory.java:339) ~[spring-beans-6.2.11.jar:6.2.11]
	at org.springframework.beans.factory.support.DefaultSingletonBeanRegistry.getSingleton(DefaultSingletonBeanRegistry.java:373) ~[spring-beans-6.2.11.jar:6.2.11]
	at org.springframework.beans.factory.support.AbstractBeanFactory.doGetBean(AbstractBeanFactory.java:337) ~[spring-beans-6.2.11.jar:6.2.11]
	at org.springframework.beans.factory.support.AbstractBeanFactory.getBean(AbstractBeanFactory.java:202) ~[spring-beans-6.2.11.jar:6.2.11]
	at org.springframework.beans.factory.config.DependencyDescriptor.resolveCandidate(DependencyDescriptor.java:254) ~[spring-beans-6.2.11.jar:6.2.11]
	at org.springframework.beans.factory.support.DefaultListableBeanFactory.doResolveDependency(DefaultListableBeanFactory.java:1760) ~[spring-beans-6.2.11.jar:6.2.11]
	at org.springframework.beans.factory.support.DefaultListableBeanFactory.resolveDependency(DefaultListableBeanFactory.java:1643) ~[spring-beans-6.2.11.jar:6.2.11]
	at org.springframework.beans.factory.support.ConstructorResolver.resolveAutowiredArgument(ConstructorResolver.java:913) ~[spring-beans-6.2.11.jar:6.2.11]
	at org.springframework.beans.factory.support.ConstructorResolver.createArgumentArray(ConstructorResolver.java:791) ~[spring-beans-6.2.11.jar:6.2.11]
	... 24 common frames omitted
Caused by: java.lang.IllegalStateException: Failed to introspect Class [com.devaihub.backend.service.impl.AttachmentServiceImpl] from ClassLoader [org.springframework.boot.devtools.restart.classloader.RestartClassLoader@43b6f7e1]
	at org.springframework.util.ReflectionUtils.getDeclaredMethods(ReflectionUtils.java:483) ~[spring-core-6.2.11.jar:6.2.11]
	at org.springframework.util.ReflectionUtils.doWithLocalMethods(ReflectionUtils.java:320) ~[spring-core-6.2.11.jar:6.2.11]
	at org.springframework.beans.factory.annotation.AutowiredAnnotationBeanPostProcessor.checkLookupMethods(AutowiredAnnotationBeanPostProcessor.java:476) ~[spring-beans-6.2.11.jar:6.2.11]
	... 38 common frames omitted
Caused by: java.lang.NoClassDefFoundError: Resource
	at java.base/java.lang.Class.getDeclaredMethods0(Native Method) ~[na:na]
	at java.base/java.lang.Class.privateGetDeclaredMethods(Class.java:3035) ~[na:na]
	at java.base/java.lang.Class.getDeclaredMethods(Class.java:2331) ~[na:na]
	at org.springframework.util.ReflectionUtils.getDeclaredMethods(ReflectionUtils.java:465) ~[spring-core-6.2.11.jar:6.2.11]
	... 40 common frames omitted
Caused by: java.lang.ClassNotFoundException: Resource
	at java.base/jdk.internal.loader.BuiltinClassLoader.loadClass(BuiltinClassLoader.java:580) ~[na:na]
	at java.base/java.lang.ClassLoader.loadClass(ClassLoader.java:490) ~[na:na]
	at java.base/java.lang.Class.forName0(Native Method) ~[na:na]
	at java.base/java.lang.Class.forName(Class.java:543) ~[na:na]
	at org.springframework.boot.devtools.restart.classloader.RestartClassLoader.loadClass(RestartClassLoader.java:121) ~[spring-boot-devtools-3.5.6.jar:3.5.6]
	at java.base/java.lang.ClassLoader.loadClass(ClassLoader.java:490) ~[na:na]
	... 44 common frames omitted
2026-08-11 11:43:02 INFO  [restartedMain] c.d.backend.BackendApplication - Starting BackendApplication using Java 24.0.1 with PID 7508 (D:\DevAI-Hub\backend\target\classes started by Aadesh kumar in D:\DevAI-Hub\backend)
2026-08-11 11:43:02 DEBUG [restartedMain] c.d.backend.BackendApplication - Running with Spring Boot v3.5.6, Spring v6.2.11
2026-08-11 11:43:02 INFO  [restartedMain] c.d.backend.BackendApplication - The following 1 profile is active: "dev"
2026-08-11 11:43:02 INFO  [restartedMain] o.s.d.r.c.RepositoryConfigurationDelegate - Bootstrapping Spring Data JPA repositories in DEFAULT mode.
2026-08-11 11:43:02 INFO  [restartedMain] o.s.d.r.c.RepositoryConfigurationDelegate - Finished Spring Data repository scanning in 38 ms. Found 9 JPA repository interfaces.
2026-08-11 11:43:02 INFO  [restartedMain] o.s.b.w.e.tomcat.TomcatWebServer - Tomcat initialized with port 8081 (http)
2026-08-11 11:43:02 INFO  [restartedMain] o.a.catalina.core.StandardService - Starting service [Tomcat]
2026-08-11 11:43:02 INFO  [restartedMain] o.a.catalina.core.StandardEngine - Starting Servlet engine: [Apache Tomcat/10.1.46]
2026-08-11 11:43:02 INFO  [restartedMain] o.a.c.c.C.[Tomcat-1].[localhost].[/] - Initializing Spring embedded WebApplicationContext
2026-08-11 11:43:02 INFO  [restartedMain] o.s.b.w.s.c.ServletWebServerApplicationContext - Root WebApplicationContext: initialization completed in 572 ms
2026-08-11 11:43:02 INFO  [restartedMain] o.h.jpa.internal.util.LogHelper - HHH000204: Processing PersistenceUnitInfo [name: default]
2026-08-11 11:43:02 INFO  [restartedMain] o.h.c.i.RegionFactoryInitiator - HHH000026: Second-level cache disabled
2026-08-11 11:43:02 INFO  [restartedMain] o.s.o.j.p.SpringPersistenceUnitInfo - No LoadTimeWeaver setup: ignoring JPA class transformer
2026-08-11 11:43:02 INFO  [restartedMain] com.zaxxer.hikari.HikariDataSource - HikariPool-3 - Starting...
2026-08-11 11:43:02 INFO  [restartedMain] com.zaxxer.hikari.pool.HikariPool - HikariPool-3 - Added connection org.postgresql.jdbc.PgConnection@569267f0
2026-08-11 11:43:02 INFO  [restartedMain] com.zaxxer.hikari.HikariDataSource - HikariPool-3 - Start completed.
2026-08-11 11:43:02 WARN  [restartedMain] org.hibernate.orm.deprecation - HHH90000025: PostgreSQLDialect does not need to be specified explicitly using 'hibernate.dialect' (remove the property setting and it will be selected by default)
2026-08-11 11:43:02 INFO  [restartedMain] o.hibernate.orm.connections.pooling - HHH10001005: Database info:
	Database JDBC URL [Connecting through datasource 'HikariDataSource (HikariPool-3)']
	Database driver: undefined/unknown
	Database version: 16.14
	Autocommit mode: undefined/unknown
	Isolation level: undefined/unknown
	Minimum pool size: undefined/unknown
	Maximum pool size: undefined/unknown
2026-08-11 11:43:03 INFO  [restartedMain] o.h.e.t.j.p.i.JtaPlatformInitiator - HHH000489: No JTA platform available (set 'hibernate.transaction.jta.platform' to enable JTA platform integration)
2026-08-11 11:43:03 INFO  [restartedMain] o.s.o.j.LocalContainerEntityManagerFactoryBean - Initialized JPA EntityManagerFactory for persistence unit 'default'
2026-08-11 11:43:03 DEBUG [restartedMain] c.d.b.s.JwtAuthenticationFilter - Filter 'jwtAuthenticationFilter' configured for use
2026-08-11 11:43:04 INFO  [restartedMain] o.s.s.c.a.a.c.InitializeAuthenticationProviderBeanManagerConfigurer$InitializeAuthenticationProviderManagerConfigurer - Global AuthenticationManager configured with AuthenticationProvider bean with name authenticationProvider
2026-08-11 11:43:04 WARN  [restartedMain] o.s.s.c.a.a.c.InitializeUserDetailsBeanManagerConfigurer$InitializeUserDetailsManagerConfigurer - Global AuthenticationManager configured with an AuthenticationProvider bean. UserDetailsService beans will not be used by Spring Security for automatically configuring username/password login. Consider removing the AuthenticationProvider bean. Alternatively, consider using the UserDetailsService in a manually instantiated DaoAuthenticationProvider. If the current configuration is intentional, to turn off this warning, increase the logging level of 'org.springframework.security.config.annotation.authentication.configuration.InitializeUserDetailsBeanManagerConfigurer' to ERROR
2026-08-11 11:43:04 INFO  [restartedMain] o.s.b.a.e.web.EndpointLinksResolver - Exposing 2 endpoints beneath base path '/actuator'
2026-08-11 11:43:04 DEBUG [restartedMain] o.s.s.web.DefaultSecurityFilterChain - Will secure any request with filters: DisableEncodeUrlFilter, WebAsyncManagerIntegrationFilter, SecurityContextHolderFilter, HeaderWriterFilter, CorsFilter, LogoutFilter, JwtAuthenticationFilter, RequestCacheAwareFilter, SecurityContextHolderAwareRequestFilter, AnonymousAuthenticationFilter, SessionManagementFilter, ExceptionTranslationFilter, AuthorizationFilter
2026-08-11 11:43:04 INFO  [restartedMain] o.s.b.d.a.OptionalLiveReloadServer - LiveReload server is running on port 35729
2026-08-11 11:43:04 INFO  [restartedMain] o.s.m.s.b.SimpleBrokerMessageHandler - Starting...
2026-08-11 11:43:04 INFO  [restartedMain] o.s.m.s.b.SimpleBrokerMessageHandler - BrokerAvailabilityEvent[available=true, SimpleBrokerMessageHandler [org.springframework.messaging.simp.broker.DefaultSubscriptionRegistry@563259c9]]
2026-08-11 11:43:04 INFO  [restartedMain] o.s.m.s.b.SimpleBrokerMessageHandler - Started.
2026-08-11 11:43:04 INFO  [restartedMain] o.s.b.w.e.tomcat.TomcatWebServer - Tomcat started on port 8081 (http) with context path '/'
2026-08-11 11:43:04 INFO  [restartedMain] c.d.backend.BackendApplication - Started BackendApplication in 2.666 seconds (process running for 690.812)
2026-08-11 11:43:04 INFO  [restartedMain] o.s.b.d.a.ConditionEvaluationDeltaLoggingListener - Condition evaluation unchanged
2026-08-11 11:43:51 INFO  [SpringApplicationShutdownHook] o.s.b.w.e.tomcat.GracefulShutdown - Commencing graceful shutdown. Waiting for active requests to complete
2026-08-11 11:43:51 INFO  [tomcat-shutdown] o.s.b.w.e.tomcat.GracefulShutdown - Graceful shutdown complete
2026-08-11 11:43:51 INFO  [SpringApplicationShutdownHook] o.s.m.s.b.SimpleBrokerMessageHandler - Stopping...
2026-08-11 11:43:51 INFO  [SpringApplicationShutdownHook] o.s.m.s.b.SimpleBrokerMessageHandler - BrokerAvailabilityEvent[available=false, SimpleBrokerMessageHandler [org.springframework.messaging.simp.broker.DefaultSubscriptionRegistry@563259c9]]
2026-08-11 11:43:51 INFO  [SpringApplicationShutdownHook] o.s.m.s.b.SimpleBrokerMessageHandler - Stopped.
2026-08-11 11:43:51 INFO  [SpringApplicationShutdownHook] o.s.o.j.LocalContainerEntityManagerFactoryBean - Closing JPA EntityManagerFactory for persistence unit 'default'
2026-08-11 11:43:51 INFO  [SpringApplicationShutdownHook] com.zaxxer.hikari.HikariDataSource - HikariPool-3 - Shutdown initiated...
2026-08-11 11:43:51 INFO  [SpringApplicationShutdownHook] com.zaxxer.hikari.HikariDataSource - HikariPool-3 - Shutdown completed.
2026-08-11 11:52:08 INFO  [restartedMain] c.d.backend.BackendApplication - Starting BackendApplication using Java 24.0.1 with PID 22952 (D:\DevAI-Hub\backend\target\classes started by Aadesh kumar in D:\DevAI-Hub\backend)
2026-08-11 11:52:08 DEBUG [restartedMain] c.d.backend.BackendApplication - Running with Spring Boot v3.5.6, Spring v6.2.11
2026-08-11 11:52:08 INFO  [restartedMain] c.d.backend.BackendApplication - The following 1 profile is active: "dev"
2026-08-11 11:52:08 INFO  [restartedMain] o.s.b.d.e.DevToolsPropertyDefaultsPostProcessor - Devtools property defaults active! Set 'spring.devtools.add-properties' to 'false' to disable
2026-08-11 11:52:08 INFO  [restartedMain] o.s.b.d.e.DevToolsPropertyDefaultsPostProcessor - For additional web related logging consider setting the 'logging.level.web' property to 'DEBUG'
2026-08-11 11:52:10 INFO  [restartedMain] o.s.d.r.c.RepositoryConfigurationDelegate - Bootstrapping Spring Data JPA repositories in DEFAULT mode.
2026-08-11 11:52:10 INFO  [restartedMain] o.s.d.r.c.RepositoryConfigurationDelegate - Finished Spring Data repository scanning in 94 ms. Found 9 JPA repository interfaces.
2026-08-11 11:52:11 INFO  [restartedMain] o.s.b.w.e.tomcat.TomcatWebServer - Tomcat initialized with port 8081 (http)
2026-08-11 11:52:11 INFO  [restartedMain] o.a.catalina.core.StandardService - Starting service [Tomcat]
2026-08-11 11:52:11 INFO  [restartedMain] o.a.catalina.core.StandardEngine - Starting Servlet engine: [Apache Tomcat/10.1.46]
2026-08-11 11:52:11 INFO  [restartedMain] o.a.c.c.C.[Tomcat].[localhost].[/] - Initializing Spring embedded WebApplicationContext
2026-08-11 11:52:11 INFO  [restartedMain] o.s.b.w.s.c.ServletWebServerApplicationContext - Root WebApplicationContext: initialization completed in 2449 ms
2026-08-11 11:52:11 INFO  [restartedMain] o.h.jpa.internal.util.LogHelper - HHH000204: Processing PersistenceUnitInfo [name: default]
2026-08-11 11:52:11 INFO  [restartedMain] org.hibernate.Version - HHH000412: Hibernate ORM core version 6.6.29.Final
2026-08-11 11:52:11 INFO  [restartedMain] o.h.c.i.RegionFactoryInitiator - HHH000026: Second-level cache disabled
2026-08-11 11:52:12 INFO  [restartedMain] o.s.o.j.p.SpringPersistenceUnitInfo - No LoadTimeWeaver setup: ignoring JPA class transformer
2026-08-11 11:52:12 INFO  [restartedMain] com.zaxxer.hikari.HikariDataSource - HikariPool-1 - Starting...
2026-08-11 11:52:12 INFO  [restartedMain] com.zaxxer.hikari.pool.HikariPool - HikariPool-1 - Added connection org.postgresql.jdbc.PgConnection@2a11325d
2026-08-11 11:52:12 INFO  [restartedMain] com.zaxxer.hikari.HikariDataSource - HikariPool-1 - Start completed.
2026-08-11 11:52:12 WARN  [restartedMain] org.hibernate.orm.deprecation - HHH90000025: PostgreSQLDialect does not need to be specified explicitly using 'hibernate.dialect' (remove the property setting and it will be selected by default)
2026-08-11 11:52:12 INFO  [restartedMain] o.hibernate.orm.connections.pooling - HHH10001005: Database info:
	Database JDBC URL [Connecting through datasource 'HikariDataSource (HikariPool-1)']
	Database driver: undefined/unknown
	Database version: 16.14
	Autocommit mode: undefined/unknown
	Isolation level: undefined/unknown
	Minimum pool size: undefined/unknown
	Maximum pool size: undefined/unknown
2026-08-11 11:52:13 INFO  [restartedMain] o.h.e.t.j.p.i.JtaPlatformInitiator - HHH000489: No JTA platform available (set 'hibernate.transaction.jta.platform' to enable JTA platform integration)
2026-08-11 11:52:14 INFO  [restartedMain] o.s.o.j.LocalContainerEntityManagerFactoryBean - Initialized JPA EntityManagerFactory for persistence unit 'default'
2026-08-11 11:52:15 DEBUG [restartedMain] c.d.b.s.JwtAuthenticationFilter - Filter 'jwtAuthenticationFilter' configured for use
2026-08-11 11:52:15 INFO  [restartedMain] o.s.d.j.r.query.QueryEnhancerFactory - Hibernate is in classpath; If applicable, HQL parser will be used.
2026-08-11 11:52:15 INFO  [restartedMain] o.s.s.c.a.a.c.InitializeAuthenticationProviderBeanManagerConfigurer$InitializeAuthenticationProviderManagerConfigurer - Global AuthenticationManager configured with AuthenticationProvider bean with name authenticationProvider
2026-08-11 11:52:15 WARN  [restartedMain] o.s.s.c.a.a.c.InitializeUserDetailsBeanManagerConfigurer$InitializeUserDetailsManagerConfigurer - Global AuthenticationManager configured with an AuthenticationProvider bean. UserDetailsService beans will not be used by Spring Security for automatically configuring username/password login. Consider removing the AuthenticationProvider bean. Alternatively, consider using the UserDetailsService in a manually instantiated DaoAuthenticationProvider. If the current configuration is intentional, to turn off this warning, increase the logging level of 'org.springframework.security.config.annotation.authentication.configuration.InitializeUserDetailsBeanManagerConfigurer' to ERROR
2026-08-11 11:52:16 INFO  [restartedMain] o.s.b.a.e.web.EndpointLinksResolver - Exposing 2 endpoints beneath base path '/actuator'
2026-08-11 11:52:16 DEBUG [restartedMain] o.s.s.web.DefaultSecurityFilterChain - Will secure any request with filters: DisableEncodeUrlFilter, WebAsyncManagerIntegrationFilter, SecurityContextHolderFilter, HeaderWriterFilter, CorsFilter, LogoutFilter, JwtAuthenticationFilter, RequestCacheAwareFilter, SecurityContextHolderAwareRequestFilter, AnonymousAuthenticationFilter, SessionManagementFilter, ExceptionTranslationFilter, AuthorizationFilter
2026-08-11 11:52:17 INFO  [restartedMain] o.s.b.d.a.OptionalLiveReloadServer - LiveReload server is running on port 35729
2026-08-11 11:52:17 INFO  [restartedMain] o.s.m.s.b.SimpleBrokerMessageHandler - Starting...
2026-08-11 11:52:17 INFO  [restartedMain] o.s.m.s.b.SimpleBrokerMessageHandler - BrokerAvailabilityEvent[available=true, SimpleBrokerMessageHandler [org.springframework.messaging.simp.broker.DefaultSubscriptionRegistry@48878ba2]]
2026-08-11 11:52:17 INFO  [restartedMain] o.s.m.s.b.SimpleBrokerMessageHandler - Started.
2026-08-11 11:52:17 INFO  [restartedMain] o.s.b.w.e.tomcat.TomcatWebServer - Tomcat started on port 8081 (http) with context path '/'
2026-08-11 11:52:17 INFO  [restartedMain] c.d.backend.BackendApplication - Started BackendApplication in 8.979 seconds (process running for 9.658)
2026-08-11 11:52:18 INFO  [http-nio-8081-exec-1] o.a.c.c.C.[Tomcat].[localhost].[/] - Initializing Spring DispatcherServlet 'dispatcherServlet'
2026-08-11 11:52:18 INFO  [http-nio-8081-exec-1] o.s.web.servlet.DispatcherServlet - Initializing Servlet 'dispatcherServlet'
2026-08-11 11:52:18 INFO  [http-nio-8081-exec-1] o.s.web.servlet.DispatcherServlet - Completed initialization in 1 ms
2026-08-11 11:52:18 DEBUG [http-nio-8081-exec-1] o.s.security.web.FilterChainProxy - Securing OPTIONS /api/v1/auth/login
2026-08-11 11:52:18 DEBUG [http-nio-8081-exec-5] o.s.security.web.FilterChainProxy - Securing POST /api/v1/auth/login
2026-08-11 11:52:18 DEBUG [http-nio-8081-exec-5] o.s.s.w.a.AnonymousAuthenticationFilter - Set SecurityContextHolder to anonymous SecurityContext
2026-08-11 11:52:18 DEBUG [http-nio-8081-exec-5] o.s.security.web.FilterChainProxy - Secured POST /api/v1/auth/login
2026-08-11 11:52:19 DEBUG [http-nio-8081-exec-5] o.s.s.a.d.DaoAuthenticationProvider - Authenticated user
2026-08-11 11:52:19 DEBUG [http-nio-8081-exec-3] o.s.security.web.FilterChainProxy - Securing OPTIONS /api/v1/projects
2026-08-11 11:52:19 DEBUG [http-nio-8081-exec-8] o.s.security.web.FilterChainProxy - Securing OPTIONS /api/v1/projects
2026-08-11 11:52:19 DEBUG [http-nio-8081-exec-9] o.s.security.web.FilterChainProxy - Securing GET /api/v1/projects
2026-08-11 11:52:19 DEBUG [http-nio-8081-exec-9] o.s.security.web.FilterChainProxy - Secured GET /api/v1/projects
2026-08-11 11:52:19 DEBUG [http-nio-8081-exec-6] o.s.security.web.FilterChainProxy - Securing GET /api/v1/projects
2026-08-11 11:52:19 DEBUG [http-nio-8081-exec-6] o.s.security.web.FilterChainProxy - Secured GET /api/v1/projects
2026-08-11 11:52:24 DEBUG [http-nio-8081-exec-4] o.s.security.web.FilterChainProxy - Securing OPTIONS /api/v1/projects/2
2026-08-11 11:52:24 DEBUG [http-nio-8081-exec-7] o.s.security.web.FilterChainProxy - Securing OPTIONS /api/v1/projects/2
2026-08-11 11:52:24 DEBUG [http-nio-8081-exec-2] o.s.security.web.FilterChainProxy - Securing GET /api/v1/projects/2
2026-08-11 11:52:24 DEBUG [http-nio-8081-exec-2] o.s.security.web.FilterChainProxy - Secured GET /api/v1/projects/2
2026-08-11 11:52:24 DEBUG [http-nio-8081-exec-10] o.s.security.web.FilterChainProxy - Securing GET /api/v1/projects/2
2026-08-11 11:52:24 DEBUG [http-nio-8081-exec-1] o.s.security.web.FilterChainProxy - Securing OPTIONS /api/v1/projects/2/members
2026-08-11 11:52:24 DEBUG [http-nio-8081-exec-5] o.s.security.web.FilterChainProxy - Securing GET /api/v1/projects/2/members
2026-08-11 11:52:24 DEBUG [http-nio-8081-exec-10] o.s.security.web.FilterChainProxy - Secured GET /api/v1/projects/2
2026-08-11 11:52:24 DEBUG [http-nio-8081-exec-5] o.s.security.web.FilterChainProxy - Secured GET /api/v1/projects/2/members
2026-08-11 11:52:24 DEBUG [http-nio-8081-exec-3] o.s.security.web.FilterChainProxy - Securing GET /api/v1/projects/2/members
2026-08-11 11:52:24 DEBUG [http-nio-8081-exec-8] o.s.security.web.FilterChainProxy - Securing OPTIONS /api/v1/projects/2/tasks
2026-08-11 11:52:24 DEBUG [http-nio-8081-exec-9] o.s.security.web.FilterChainProxy - Securing GET /api/v1/projects/2/tasks
2026-08-11 11:52:24 DEBUG [http-nio-8081-exec-3] o.s.security.web.FilterChainProxy - Secured GET /api/v1/projects/2/members
2026-08-11 11:52:24 DEBUG [http-nio-8081-exec-9] o.s.security.web.FilterChainProxy - Secured GET /api/v1/projects/2/tasks
2026-08-11 11:52:24 DEBUG [http-nio-8081-exec-6] o.s.security.web.FilterChainProxy - Securing GET /api/v1/projects/2/tasks
2026-08-11 11:52:24 DEBUG [http-nio-8081-exec-7] o.s.security.web.FilterChainProxy - Securing OPTIONS /api/v1/tasks/1/comments
2026-08-11 11:52:24 DEBUG [http-nio-8081-exec-2] o.s.security.web.FilterChainProxy - Securing GET /api/v1/tasks/1/comments
2026-08-11 11:52:24 DEBUG [http-nio-8081-exec-6] o.s.security.web.FilterChainProxy - Secured GET /api/v1/projects/2/tasks
2026-08-11 11:52:24 DEBUG [http-nio-8081-exec-2] o.s.security.web.FilterChainProxy - Secured GET /api/v1/tasks/1/comments
2026-08-11 11:52:24 DEBUG [http-nio-8081-exec-1] o.s.security.web.FilterChainProxy - Securing OPTIONS /api/v1/tasks/1/attachments
2026-08-11 11:52:24 DEBUG [http-nio-8081-exec-4] o.s.security.web.FilterChainProxy - Securing OPTIONS /api/v1/tasks/1/attachments
2026-08-11 11:52:24 DEBUG [http-nio-8081-exec-10] o.s.security.web.FilterChainProxy - Securing GET /api/v1/tasks/1/attachments
2026-08-11 11:52:24 DEBUG [http-nio-8081-exec-10] o.s.security.web.FilterChainProxy - Secured GET /api/v1/tasks/1/attachments
2026-08-11 11:52:24 DEBUG [http-nio-8081-exec-5] o.s.security.web.FilterChainProxy - Securing GET /api/v1/tasks/1/comments
2026-08-11 11:52:24 DEBUG [http-nio-8081-exec-10] o.s.security.web.FilterChainProxy - Securing GET /error
2026-08-11 11:52:24 DEBUG [http-nio-8081-exec-10] o.s.s.w.a.AnonymousAuthenticationFilter - Set SecurityContextHolder to anonymous SecurityContext
2026-08-11 11:52:24 DEBUG [http-nio-8081-exec-5] o.s.security.web.FilterChainProxy - Secured GET /api/v1/tasks/1/comments
2026-08-11 11:52:24 DEBUG [http-nio-8081-exec-10] o.s.s.w.a.Http403ForbiddenEntryPoint - Pre-authenticated entry point called. Rejecting access
2026-08-11 11:52:24 DEBUG [http-nio-8081-exec-8] o.s.security.web.FilterChainProxy - Securing GET /api/v1/tasks/1/attachments
2026-08-11 11:52:24 DEBUG [http-nio-8081-exec-8] o.s.security.web.FilterChainProxy - Secured GET /api/v1/tasks/1/attachments
2026-08-11 11:52:24 DEBUG [http-nio-8081-exec-8] o.s.security.web.FilterChainProxy - Securing GET /error
2026-08-11 11:52:24 DEBUG [http-nio-8081-exec-8] o.s.s.w.a.AnonymousAuthenticationFilter - Set SecurityContextHolder to anonymous SecurityContext
2026-08-11 11:52:24 DEBUG [http-nio-8081-exec-8] o.s.s.w.a.Http403ForbiddenEntryPoint - Pre-authenticated entry point called. Rejecting access
2026-08-11 11:52:46 DEBUG [http-nio-8081-exec-3] o.s.security.web.FilterChainProxy - Securing OPTIONS /api/v1/projects
2026-08-11 11:52:46 DEBUG [http-nio-8081-exec-9] o.s.security.web.FilterChainProxy - Securing OPTIONS /api/v1/projects
2026-08-11 11:52:46 DEBUG [http-nio-8081-exec-7] o.s.security.web.FilterChainProxy - Securing GET /api/v1/projects
2026-08-11 11:52:46 DEBUG [http-nio-8081-exec-7] o.s.security.web.FilterChainProxy - Secured GET /api/v1/projects
2026-08-11 11:52:46 DEBUG [http-nio-8081-exec-6] o.s.security.web.FilterChainProxy - Securing GET /api/v1/projects
2026-08-11 11:52:46 DEBUG [http-nio-8081-exec-6] o.s.security.web.FilterChainProxy - Secured GET /api/v1/projects
2026-08-11 11:52:47 DEBUG [http-nio-8081-exec-1] o.s.security.web.FilterChainProxy - Securing OPTIONS /api/v1/projects/2
2026-08-11 11:52:47 DEBUG [http-nio-8081-exec-4] o.s.security.web.FilterChainProxy - Securing OPTIONS /api/v1/projects/2
2026-08-11 11:52:47 DEBUG [http-nio-8081-exec-2] o.s.security.web.FilterChainProxy - Securing GET /api/v1/projects/2
2026-08-11 11:52:47 DEBUG [http-nio-8081-exec-2] o.s.security.web.FilterChainProxy - Secured GET /api/v1/projects/2
2026-08-11 11:52:48 DEBUG [http-nio-8081-exec-10] o.s.security.web.FilterChainProxy - Securing GET /api/v1/projects/2
2026-08-11 11:52:48 DEBUG [http-nio-8081-exec-5] o.s.security.web.FilterChainProxy - Securing OPTIONS /api/v1/projects/2/members
2026-08-11 11:52:48 DEBUG [http-nio-8081-exec-8] o.s.security.web.FilterChainProxy - Securing GET /api/v1/projects/2/members
2026-08-11 11:52:48 DEBUG [http-nio-8081-exec-10] o.s.security.web.FilterChainProxy - Secured GET /api/v1/projects/2
2026-08-11 11:52:48 DEBUG [http-nio-8081-exec-8] o.s.security.web.FilterChainProxy - Secured GET /api/v1/projects/2/members
2026-08-11 11:52:48 DEBUG [http-nio-8081-exec-9] o.s.security.web.FilterChainProxy - Securing GET /api/v1/projects/2/members
2026-08-11 11:52:48 DEBUG [http-nio-8081-exec-3] o.s.security.web.FilterChainProxy - Securing OPTIONS /api/v1/projects/2/tasks
2026-08-11 11:52:48 DEBUG [http-nio-8081-exec-7] o.s.security.web.FilterChainProxy - Securing GET /api/v1/projects/2/tasks
2026-08-11 11:52:48 DEBUG [http-nio-8081-exec-9] o.s.security.web.FilterChainProxy - Secured GET /api/v1/projects/2/members
2026-08-11 11:52:48 DEBUG [http-nio-8081-exec-7] o.s.security.web.FilterChainProxy - Secured GET /api/v1/projects/2/tasks
2026-08-11 11:52:48 DEBUG [http-nio-8081-exec-6] o.s.security.web.FilterChainProxy - Securing GET /api/v1/projects/2/tasks
2026-08-11 11:52:48 DEBUG [http-nio-8081-exec-4] o.s.security.web.FilterChainProxy - Securing OPTIONS /api/v1/tasks/1/comments
2026-08-11 11:52:48 DEBUG [http-nio-8081-exec-1] o.s.security.web.FilterChainProxy - Securing OPTIONS /api/v1/tasks/1/attachments
2026-08-11 11:52:48 DEBUG [http-nio-8081-exec-2] o.s.security.web.FilterChainProxy - Securing GET /api/v1/tasks/1/comments
2026-08-11 11:52:48 DEBUG [http-nio-8081-exec-5] o.s.security.web.FilterChainProxy - Securing GET /api/v1/tasks/1/attachments
2026-08-11 11:52:48 DEBUG [http-nio-8081-exec-6] o.s.security.web.FilterChainProxy - Secured GET /api/v1/projects/2/tasks
2026-08-11 11:52:48 DEBUG [http-nio-8081-exec-2] o.s.security.web.FilterChainProxy - Secured GET /api/v1/tasks/1/comments
2026-08-11 11:52:48 DEBUG [http-nio-8081-exec-5] o.s.security.web.FilterChainProxy - Secured GET /api/v1/tasks/1/attachments
2026-08-11 11:52:48 DEBUG [http-nio-8081-exec-5] o.s.security.web.FilterChainProxy - Securing GET /error
2026-08-11 11:52:48 DEBUG [http-nio-8081-exec-5] o.s.s.w.a.AnonymousAuthenticationFilter - Set SecurityContextHolder to anonymous SecurityContext
2026-08-11 11:52:48 DEBUG [http-nio-8081-exec-5] o.s.s.w.a.Http403ForbiddenEntryPoint - Pre-authenticated entry point called. Rejecting access
2026-08-11 11:52:48 DEBUG [http-nio-8081-exec-10] o.s.security.web.FilterChainProxy - Securing GET /api/v1/tasks/1/attachments
2026-08-11 11:52:48 DEBUG [http-nio-8081-exec-2] o.s.security.web.FilterChainProxy - Securing GET /api/v1/tasks/1/comments
2026-08-11 11:52:48 DEBUG [http-nio-8081-exec-10] o.s.security.web.FilterChainProxy - Secured GET /api/v1/tasks/1/attachments
2026-08-11 11:52:48 DEBUG [http-nio-8081-exec-10] o.s.security.web.FilterChainProxy - Securing GET /error
2026-08-11 11:52:48 DEBUG [http-nio-8081-exec-2] o.s.security.web.FilterChainProxy - Secured GET /api/v1/tasks/1/comments
2026-08-11 11:52:48 DEBUG [http-nio-8081-exec-10] o.s.s.w.a.AnonymousAuthenticationFilter - Set SecurityContextHolder to anonymous SecurityContext
2026-08-11 11:52:48 DEBUG [http-nio-8081-exec-10] o.s.s.w.a.Http403ForbiddenEntryPoint - Pre-authenticated entry point called. Rejecting access
2026-08-11 11:53:01 DEBUG [http-nio-8081-exec-3] o.s.security.web.FilterChainProxy - Securing OPTIONS /api/v1/tasks/1/attachments
2026-08-11 11:53:01 DEBUG [http-nio-8081-exec-9] o.s.security.web.FilterChainProxy - Securing GET /api/v1/tasks/1/attachments
2026-08-11 11:53:01 DEBUG [http-nio-8081-exec-9] o.s.security.web.FilterChainProxy - Secured GET /api/v1/tasks/1/attachments
2026-08-11 11:53:01 DEBUG [http-nio-8081-exec-9] o.s.security.web.FilterChainProxy - Securing GET /error
2026-08-11 11:53:01 DEBUG [http-nio-8081-exec-9] o.s.s.w.a.AnonymousAuthenticationFilter - Set SecurityContextHolder to anonymous SecurityContext
2026-08-11 11:53:01 DEBUG [http-nio-8081-exec-9] o.s.s.w.a.Http403ForbiddenEntryPoint - Pre-authenticated entry point called. Rejecting access
2026-08-11 11:53:02 DEBUG [http-nio-8081-exec-7] o.s.security.web.FilterChainProxy - Securing GET /api/v1/tasks/1/attachments
2026-08-11 11:53:02 DEBUG [http-nio-8081-exec-7] o.s.security.web.FilterChainProxy - Secured GET /api/v1/tasks/1/attachments
2026-08-11 11:53:02 DEBUG [http-nio-8081-exec-7] o.s.security.web.FilterChainProxy - Securing GET /error
2026-08-11 11:53:02 DEBUG [http-nio-8081-exec-7] o.s.s.w.a.AnonymousAuthenticationFilter - Set SecurityContextHolder to anonymous SecurityContext
2026-08-11 11:53:02 DEBUG [http-nio-8081-exec-7] o.s.s.w.a.Http403ForbiddenEntryPoint - Pre-authenticated entry point called. Rejecting access
2026-08-11 11:53:03 DEBUG [http-nio-8081-exec-1] o.s.security.web.FilterChainProxy - Securing GET /api/v1/tasks/1/attachments
2026-08-11 11:53:03 DEBUG [http-nio-8081-exec-1] o.s.security.web.FilterChainProxy - Secured GET /api/v1/tasks/1/attachments
2026-08-11 11:53:03 DEBUG [http-nio-8081-exec-1] o.s.security.web.FilterChainProxy - Securing GET /error
2026-08-11 11:53:03 DEBUG [http-nio-8081-exec-1] o.s.s.w.a.AnonymousAuthenticationFilter - Set SecurityContextHolder to anonymous SecurityContext
2026-08-11 11:53:03 DEBUG [http-nio-8081-exec-1] o.s.s.w.a.Http403ForbiddenEntryPoint - Pre-authenticated entry point called. Rejecting access
2026-08-11 11:53:03 DEBUG [http-nio-8081-exec-4] o.s.security.web.FilterChainProxy - Securing GET /api/v1/tasks/1/attachments
2026-08-11 11:53:03 DEBUG [http-nio-8081-exec-4] o.s.security.web.FilterChainProxy - Secured GET /api/v1/tasks/1/attachments
2026-08-11 11:53:03 DEBUG [http-nio-8081-exec-4] o.s.security.web.FilterChainProxy - Securing GET /error
2026-08-11 11:53:03 DEBUG [http-nio-8081-exec-4] o.s.s.w.a.AnonymousAuthenticationFilter - Set SecurityContextHolder to anonymous SecurityContext
2026-08-11 11:53:03 DEBUG [http-nio-8081-exec-4] o.s.s.w.a.Http403ForbiddenEntryPoint - Pre-authenticated entry point called. Rejecting access
2026-08-11 11:53:04 DEBUG [http-nio-8081-exec-6] o.s.security.web.FilterChainProxy - Securing GET /api/v1/tasks/1/attachments
2026-08-11 11:53:04 DEBUG [http-nio-8081-exec-6] o.s.security.web.FilterChainProxy - Secured GET /api/v1/tasks/1/attachments
2026-08-11 11:53:04 DEBUG [http-nio-8081-exec-6] o.s.security.web.FilterChainProxy - Securing GET /error
2026-08-11 11:53:04 DEBUG [http-nio-8081-exec-6] o.s.s.w.a.AnonymousAuthenticationFilter - Set SecurityContextHolder to anonymous SecurityContext
2026-08-11 11:53:04 DEBUG [http-nio-8081-exec-6] o.s.s.w.a.Http403ForbiddenEntryPoint - Pre-authenticated entry point called. Rejecting access
2026-08-11 11:53:12 DEBUG [http-nio-8081-exec-5] o.s.security.web.FilterChainProxy - Securing OPTIONS /api/v1/tasks/1/attachments
2026-08-11 11:53:12 DEBUG [http-nio-8081-exec-8] o.s.security.web.FilterChainProxy - Securing POST /api/v1/tasks/1/attachments
2026-08-11 11:53:12 DEBUG [http-nio-8081-exec-8] o.s.security.web.FilterChainProxy - Secured POST /api/v1/tasks/1/attachments
2026-08-11 11:53:12 DEBUG [http-nio-8081-exec-8] o.s.security.web.FilterChainProxy - Securing POST /error
2026-08-11 11:53:12 DEBUG [http-nio-8081-exec-8] o.s.s.w.a.AnonymousAuthenticationFilter - Set SecurityContextHolder to anonymous SecurityContext
2026-08-11 11:53:12 DEBUG [http-nio-8081-exec-8] o.s.s.w.a.Http403ForbiddenEntryPoint - Pre-authenticated entry point called. Rejecting access
2026-08-11 11:53:17 INFO  [MessageBroker-1] o.s.w.s.c.WebSocketMessageBrokerStats - WebSocketSession[0 current WS(0)-HttpStream(0)-HttpPoll(0), 0 total, 0 closed abnormally (0 connect failure, 0 send limit, 0 transport error)], stompSubProtocol[processed CONNECT(0)-CONNECTED(0)-DISCONNECT(0)], stompBrokerRelay[null], inboundChannel[pool size = 0, active threads = 0, queued tasks = 0, completed tasks = 0], outboundChannel[pool size = 0, active threads = 0, queued tasks = 0, completed tasks = 0], sockJsScheduler[pool size = 1, active threads = 1, queued tasks = 0, completed tasks = 0]
2026-08-11 11:53:40 DEBUG [http-nio-8081-exec-2] o.s.security.web.FilterChainProxy - Securing OPTIONS /api/v1/projects
2026-08-11 11:53:40 DEBUG [http-nio-8081-exec-10] o.s.security.web.FilterChainProxy - Securing OPTIONS /api/v1/projects
2026-08-11 11:53:40 DEBUG [http-nio-8081-exec-3] o.s.security.web.FilterChainProxy - Securing GET /api/v1/projects
2026-08-11 11:53:40 DEBUG [http-nio-8081-exec-3] o.s.security.web.FilterChainProxy - Secured GET /api/v1/projects
2026-08-11 11:53:40 DEBUG [http-nio-8081-exec-9] o.s.security.web.FilterChainProxy - Securing GET /api/v1/projects
2026-08-11 11:53:40 DEBUG [http-nio-8081-exec-9] o.s.security.web.FilterChainProxy - Secured GET /api/v1/projects
2026-08-11 11:53:41 DEBUG [http-nio-8081-exec-1] o.s.security.web.FilterChainProxy - Securing OPTIONS /api/v1/projects/2
2026-08-11 11:53:41 DEBUG [http-nio-8081-exec-7] o.s.security.web.FilterChainProxy - Securing OPTIONS /api/v1/projects/2
2026-08-11 11:53:41 DEBUG [http-nio-8081-exec-4] o.s.security.web.FilterChainProxy - Securing GET /api/v1/projects/2
2026-08-11 11:53:41 DEBUG [http-nio-8081-exec-4] o.s.security.web.FilterChainProxy - Secured GET /api/v1/projects/2
2026-08-11 11:53:41 DEBUG [http-nio-8081-exec-6] o.s.security.web.FilterChainProxy - Securing GET /api/v1/projects/2
2026-08-11 11:53:41 DEBUG [http-nio-8081-exec-5] o.s.security.web.FilterChainProxy - Securing OPTIONS /api/v1/projects/2/members
2026-08-11 11:53:41 DEBUG [http-nio-8081-exec-8] o.s.security.web.FilterChainProxy - Securing GET /api/v1/projects/2/members
2026-08-11 11:53:41 DEBUG [http-nio-8081-exec-6] o.s.security.web.FilterChainProxy - Secured GET /api/v1/projects/2
2026-08-11 11:53:41 DEBUG [http-nio-8081-exec-8] o.s.security.web.FilterChainProxy - Secured GET /api/v1/projects/2/members
2026-08-11 11:53:41 DEBUG [http-nio-8081-exec-10] o.s.security.web.FilterChainProxy - Securing GET /api/v1/projects/2/members
2026-08-11 11:53:41 DEBUG [http-nio-8081-exec-2] o.s.security.web.FilterChainProxy - Securing OPTIONS /api/v1/projects/2/tasks
2026-08-11 11:53:41 DEBUG [http-nio-8081-exec-10] o.s.security.web.FilterChainProxy - Secured GET /api/v1/projects/2/members
2026-08-11 11:53:41 DEBUG [http-nio-8081-exec-3] o.s.security.web.FilterChainProxy - Securing GET /api/v1/projects/2/tasks
2026-08-11 11:53:41 DEBUG [http-nio-8081-exec-3] o.s.security.web.FilterChainProxy - Secured GET /api/v1/projects/2/tasks
2026-08-11 11:53:41 DEBUG [http-nio-8081-exec-9] o.s.security.web.FilterChainProxy - Securing GET /api/v1/projects/2/tasks
2026-08-11 11:53:41 DEBUG [http-nio-8081-exec-7] o.s.security.web.FilterChainProxy - Securing OPTIONS /api/v1/tasks/1/attachments
2026-08-11 11:53:41 DEBUG [http-nio-8081-exec-1] o.s.security.web.FilterChainProxy - Securing OPTIONS /api/v1/tasks/1/comments
2026-08-11 11:53:41 DEBUG [http-nio-8081-exec-5] o.s.security.web.FilterChainProxy - Securing GET /api/v1/tasks/1/attachments
2026-08-11 11:53:41 DEBUG [http-nio-8081-exec-4] o.s.security.web.FilterChainProxy - Securing GET /api/v1/tasks/1/comments
2026-08-11 11:53:41 DEBUG [http-nio-8081-exec-9] o.s.security.web.FilterChainProxy - Secured GET /api/v1/projects/2/tasks
2026-08-11 11:53:41 DEBUG [http-nio-8081-exec-4] o.s.security.web.FilterChainProxy - Secured GET /api/v1/tasks/1/comments
2026-08-11 11:53:41 DEBUG [http-nio-8081-exec-5] o.s.security.web.FilterChainProxy - Secured GET /api/v1/tasks/1/attachments
2026-08-11 11:53:41 DEBUG [http-nio-8081-exec-5] o.s.security.web.FilterChainProxy - Securing GET /error
2026-08-11 11:53:41 DEBUG [http-nio-8081-exec-5] o.s.s.w.a.AnonymousAuthenticationFilter - Set SecurityContextHolder to anonymous SecurityContext
2026-08-11 11:53:41 DEBUG [http-nio-8081-exec-5] o.s.s.w.a.Http403ForbiddenEntryPoint - Pre-authenticated entry point called. Rejecting access
2026-08-11 11:53:41 DEBUG [http-nio-8081-exec-6] o.s.security.web.FilterChainProxy - Securing GET /api/v1/tasks/1/attachments
2026-08-11 11:53:41 DEBUG [http-nio-8081-exec-8] o.s.security.web.FilterChainProxy - Securing GET /api/v1/tasks/1/comments
2026-08-11 11:53:41 DEBUG [http-nio-8081-exec-6] o.s.security.web.FilterChainProxy - Secured GET /api/v1/tasks/1/attachments
2026-08-11 11:53:41 DEBUG [http-nio-8081-exec-6] o.s.security.web.FilterChainProxy - Securing GET /error
2026-08-11 11:53:41 DEBUG [http-nio-8081-exec-6] o.s.s.w.a.AnonymousAuthenticationFilter - Set SecurityContextHolder to anonymous SecurityContext
2026-08-11 11:53:41 DEBUG [http-nio-8081-exec-6] o.s.s.w.a.Http403ForbiddenEntryPoint - Pre-authenticated entry point called. Rejecting access
2026-08-11 11:53:41 DEBUG [http-nio-8081-exec-8] o.s.security.web.FilterChainProxy - Secured GET /api/v1/tasks/1/comments
2026-08-11 11:54:08 DEBUG [http-nio-8081-exec-2] o.s.security.web.FilterChainProxy - Securing GET /swagger-ui/index.html
2026-08-11 11:54:08 DEBUG [http-nio-8081-exec-2] o.s.s.w.a.AnonymousAuthenticationFilter - Set SecurityContextHolder to anonymous SecurityContext
2026-08-11 11:54:08 DEBUG [http-nio-8081-exec-2] o.s.security.web.FilterChainProxy - Secured GET /swagger-ui/index.html
2026-08-11 11:54:08 DEBUG [http-nio-8081-exec-10] o.s.security.web.FilterChainProxy - Securing GET /swagger-ui/swagger-ui.css
2026-08-11 11:54:08 DEBUG [http-nio-8081-exec-10] o.s.s.w.a.AnonymousAuthenticationFilter - Set SecurityContextHolder to anonymous SecurityContext
2026-08-11 11:54:08 DEBUG [http-nio-8081-exec-10] o.s.security.web.FilterChainProxy - Secured GET /swagger-ui/swagger-ui.css
2026-08-11 11:54:08 DEBUG [http-nio-8081-exec-3] o.s.security.web.FilterChainProxy - Securing GET /swagger-ui/index.css
2026-08-11 11:54:08 DEBUG [http-nio-8081-exec-3] o.s.s.w.a.AnonymousAuthenticationFilter - Set SecurityContextHolder to anonymous SecurityContext
2026-08-11 11:54:08 DEBUG [http-nio-8081-exec-3] o.s.security.web.FilterChainProxy - Secured GET /swagger-ui/index.css
2026-08-11 11:54:08 DEBUG [http-nio-8081-exec-1] o.s.security.web.FilterChainProxy - Securing GET /swagger-ui/swagger-ui-bundle.js
2026-08-11 11:54:08 DEBUG [http-nio-8081-exec-9] o.s.security.web.FilterChainProxy - Securing GET /swagger-ui/swagger-initializer.js
2026-08-11 11:54:08 DEBUG [http-nio-8081-exec-1] o.s.s.w.a.AnonymousAuthenticationFilter - Set SecurityContextHolder to anonymous SecurityContext
2026-08-11 11:54:08 DEBUG [http-nio-8081-exec-7] o.s.security.web.FilterChainProxy - Securing GET /swagger-ui/swagger-ui-standalone-preset.js
2026-08-11 11:54:08 DEBUG [http-nio-8081-exec-9] o.s.s.w.a.AnonymousAuthenticationFilter - Set SecurityContextHolder to anonymous SecurityContext
2026-08-11 11:54:08 DEBUG [http-nio-8081-exec-1] o.s.security.web.FilterChainProxy - Secured GET /swagger-ui/swagger-ui-bundle.js
2026-08-11 11:54:08 DEBUG [http-nio-8081-exec-7] o.s.s.w.a.AnonymousAuthenticationFilter - Set SecurityContextHolder to anonymous SecurityContext
2026-08-11 11:54:08 DEBUG [http-nio-8081-exec-9] o.s.security.web.FilterChainProxy - Secured GET /swagger-ui/swagger-initializer.js
2026-08-11 11:54:08 DEBUG [http-nio-8081-exec-7] o.s.security.web.FilterChainProxy - Secured GET /swagger-ui/swagger-ui-standalone-preset.js
2026-08-11 11:54:09 DEBUG [http-nio-8081-exec-5] o.s.security.web.FilterChainProxy - Securing GET /v3/api-docs/swagger-config
2026-08-11 11:54:09 DEBUG [http-nio-8081-exec-5] o.s.s.w.a.AnonymousAuthenticationFilter - Set SecurityContextHolder to anonymous SecurityContext
2026-08-11 11:54:09 DEBUG [http-nio-8081-exec-5] o.s.security.web.FilterChainProxy - Secured GET /v3/api-docs/swagger-config
2026-08-11 11:54:09 DEBUG [http-nio-8081-exec-4] o.s.security.web.FilterChainProxy - Securing GET /swagger-ui/favicon-32x32.png
2026-08-11 11:54:09 DEBUG [http-nio-8081-exec-4] o.s.s.w.a.AnonymousAuthenticationFilter - Set SecurityContextHolder to anonymous SecurityContext
2026-08-11 11:54:09 DEBUG [http-nio-8081-exec-4] o.s.security.web.FilterChainProxy - Secured GET /swagger-ui/favicon-32x32.png
2026-08-11 11:54:09 DEBUG [http-nio-8081-exec-6] o.s.security.web.FilterChainProxy - Securing GET /v3/api-docs
2026-08-11 11:54:09 DEBUG [http-nio-8081-exec-6] o.s.s.w.a.AnonymousAuthenticationFilter - Set SecurityContextHolder to anonymous SecurityContext
2026-08-11 11:54:09 DEBUG [http-nio-8081-exec-6] o.s.security.web.FilterChainProxy - Secured GET /v3/api-docs
2026-08-11 11:54:10 INFO  [http-nio-8081-exec-6] o.s.api.AbstractOpenApiResource - Init duration for springdoc-openapi is: 832 ms
2026-08-11 12:12:52 WARN  [HikariPool-1:housekeeper] com.zaxxer.hikari.pool.HikariPool - HikariPool-1 - Thread starvation or clock leap detected (housekeeper delta=1m39s330ms42µs700ns).
2026-08-11 12:24:36 INFO  [MessageBroker-1] o.s.w.s.c.WebSocketMessageBrokerStats - WebSocketSession[0 current WS(0)-HttpStream(0)-HttpPoll(0), 0 total, 0 closed abnormally (0 connect failure, 0 send limit, 0 transport error)], stompSubProtocol[processed CONNECT(0)-CONNECTED(0)-DISCONNECT(0)], stompBrokerRelay[null], inboundChannel[pool size = 0, active threads = 0, queued tasks = 0, completed tasks = 0], outboundChannel[pool size = 0, active threads = 0, queued tasks = 0, completed tasks = 0], sockJsScheduler[pool size = 2, active threads = 1, queued tasks = 0, completed tasks = 1]
2026-08-11 12:43:57 WARN  [HikariPool-1:housekeeper] com.zaxxer.hikari.pool.HikariPool - HikariPool-1 - Thread starvation or clock leap detected (housekeeper delta=5m34s992ms895µs).
2026-08-11 13:19:17 WARN  [HikariPool-1:housekeeper] com.zaxxer.hikari.pool.HikariPool - HikariPool-1 - Thread starvation or clock leap detected (housekeeper delta=26m19s778ms811µs300ns).
2026-08-11 14:15:27 WARN  [HikariPool-1:housekeeper] com.zaxxer.hikari.pool.HikariPool - HikariPool-1 - Thread starvation or clock leap detected (housekeeper delta=56m9s805ms878µs200ns).
2026-08-11 14:21:24 INFO  [MessageBroker-2] o.s.w.s.c.WebSocketMessageBrokerStats - WebSocketSession[0 current WS(0)-HttpStream(0)-HttpPoll(0), 0 total, 0 closed abnormally (0 connect failure, 0 send limit, 0 transport error)], stompSubProtocol[processed CONNECT(0)-CONNECTED(0)-DISCONNECT(0)], stompBrokerRelay[null], inboundChannel[pool size = 0, active threads = 0, queued tasks = 0, completed tasks = 0], outboundChannel[pool size = 0, active threads = 0, queued tasks = 0, completed tasks = 0], sockJsScheduler[pool size = 3, active threads = 1, queued tasks = 0, completed tasks = 2]
2026-08-11 14:41:33 WARN  [HikariPool-1:housekeeper] com.zaxxer.hikari.pool.HikariPool - HikariPool-1 - Thread starvation or clock leap detected (housekeeper delta=1m35s874ms62µs300ns).
2026-08-11 14:52:24 DEBUG [http-nio-8081-exec-6] o.s.security.web.FilterChainProxy - Securing OPTIONS /api/v1/projects
2026-08-11 14:52:24 DEBUG [http-nio-8081-exec-5] o.s.security.web.FilterChainProxy - Securing OPTIONS /api/v1/projects
2026-08-11 14:52:24 DEBUG [http-nio-8081-exec-8] o.s.security.web.FilterChainProxy - Securing GET /api/v1/projects
2026-08-11 14:52:25 DEBUG [http-nio-8081-exec-8] o.s.security.web.FilterChainProxy - Secured GET /api/v1/projects
2026-08-11 14:52:25 DEBUG [http-nio-8081-exec-10] o.s.security.web.FilterChainProxy - Securing GET /api/v1/projects
2026-08-11 14:52:25 DEBUG [http-nio-8081-exec-10] o.s.security.web.FilterChainProxy - Secured GET /api/v1/projects
2026-08-11 14:52:50 INFO  [MessageBroker-1] o.s.w.s.c.WebSocketMessageBrokerStats - WebSocketSession[0 current WS(0)-HttpStream(0)-HttpPoll(0), 0 total, 0 closed abnormally (0 connect failure, 0 send limit, 0 transport error)], stompSubProtocol[processed CONNECT(0)-CONNECTED(0)-DISCONNECT(0)], stompBrokerRelay[null], inboundChannel[pool size = 0, active threads = 0, queued tasks = 0, completed tasks = 0], outboundChannel[pool size = 0, active threads = 0, queued tasks = 0, completed tasks = 0], sockJsScheduler[pool size = 4, active threads = 1, queued tasks = 0, completed tasks = 3]
2026-08-11 15:12:53 WARN  [HikariPool-1:housekeeper] com.zaxxer.hikari.pool.HikariPool - HikariPool-1 - Thread starvation or clock leap detected (housekeeper delta=6m49s301ms609µs).
2026-08-11 15:12:54 DEBUG [http-nio-8081-exec-3] o.s.security.web.FilterChainProxy - Securing OPTIONS /api/v1/projects
2026-08-11 15:12:54 DEBUG [http-nio-8081-exec-7] o.s.security.web.FilterChainProxy - Securing OPTIONS /api/v1/projects
2026-08-11 15:12:54 DEBUG [http-nio-8081-exec-1] o.s.security.web.FilterChainProxy - Securing GET /api/v1/projects
2026-08-11 15:12:54 DEBUG [http-nio-8081-exec-1] o.s.security.web.FilterChainProxy - Secured GET /api/v1/projects
2026-08-11 15:12:54 DEBUG [http-nio-8081-exec-4] o.s.security.web.FilterChainProxy - Securing GET /api/v1/projects
2026-08-11 15:12:54 DEBUG [http-nio-8081-exec-4] o.s.security.web.FilterChainProxy - Secured GET /api/v1/projects
2026-08-11 15:30:20 DEBUG [http-nio-8081-exec-8] o.s.security.web.FilterChainProxy - Securing OPTIONS /api/v1/projects
2026-08-11 15:30:20 DEBUG [http-nio-8081-exec-10] o.s.security.web.FilterChainProxy - Securing OPTIONS /api/v1/projects
2026-08-11 15:30:20 DEBUG [http-nio-8081-exec-2] o.s.security.web.FilterChainProxy - Securing GET /api/v1/projects
2026-08-11 15:30:20 DEBUG [http-nio-8081-exec-2] o.s.security.web.FilterChainProxy - Secured GET /api/v1/projects
2026-08-11 15:30:20 DEBUG [http-nio-8081-exec-9] o.s.security.web.FilterChainProxy - Securing GET /api/v1/projects
2026-08-11 15:30:20 DEBUG [http-nio-8081-exec-9] o.s.security.web.FilterChainProxy - Secured GET /api/v1/projects
2026-08-11 15:30:21 WARN  [HikariPool-1:housekeeper] com.zaxxer.hikari.pool.HikariPool - HikariPool-1 - Thread starvation or clock leap detected (housekeeper delta=10m28s658ms51µs500ns).
2026-08-11 15:37:33 DEBUG [http-nio-8081-exec-1] o.s.security.web.FilterChainProxy - Securing OPTIONS /api/v1/projects
2026-08-11 15:37:33 DEBUG [http-nio-8081-exec-4] o.s.security.web.FilterChainProxy - Securing GET /api/v1/projects
2026-08-11 15:37:33 DEBUG [http-nio-8081-exec-4] o.s.security.web.FilterChainProxy - Secured GET /api/v1/projects
2026-08-11 15:37:33 DEBUG [http-nio-8081-exec-5] o.s.security.web.FilterChainProxy - Securing GET /api/v1/projects
2026-08-11 15:37:33 DEBUG [http-nio-8081-exec-5] o.s.security.web.FilterChainProxy - Secured GET /api/v1/projects
2026-08-11 15:37:36 WARN  [HikariPool-1:housekeeper] com.zaxxer.hikari.pool.HikariPool - HikariPool-1 - Thread starvation or clock leap detected (housekeeper delta=2m14s664ms165µs100ns).
2026-08-11 15:41:37 INFO  [MessageBroker-3] o.s.w.s.c.WebSocketMessageBrokerStats - WebSocketSession[0 current WS(0)-HttpStream(0)-HttpPoll(0), 0 total, 0 closed abnormally (0 connect failure, 0 send limit, 0 transport error)], stompSubProtocol[processed CONNECT(0)-CONNECTED(0)-DISCONNECT(0)], stompBrokerRelay[null], inboundChannel[pool size = 0, active threads = 0, queued tasks = 0, completed tasks = 0], outboundChannel[pool size = 0, active threads = 0, queued tasks = 0, completed tasks = 0], sockJsScheduler[pool size = 5, active threads = 1, queued tasks = 0, completed tasks = 4]
2026-08-11 16:11:37 INFO  [MessageBroker-3] o.s.w.s.c.WebSocketMessageBrokerStats - WebSocketSession[0 current WS(0)-HttpStream(0)-HttpPoll(0), 0 total, 0 closed abnormally (0 connect failure, 0 send limit, 0 transport error)], stompSubProtocol[processed CONNECT(0)-CONNECTED(0)-DISCONNECT(0)], stompBrokerRelay[null], inboundChannel[pool size = 0, active threads = 0, queued tasks = 0, completed tasks = 0], outboundChannel[pool size = 0, active threads = 0, queued tasks = 0, completed tasks = 0], sockJsScheduler[pool size = 6, active threads = 1, queued tasks = 0, completed tasks = 5]
2026-08-11 16:41:37 INFO  [MessageBroker-4] o.s.w.s.c.WebSocketMessageBrokerStats - WebSocketSession[0 current WS(0)-HttpStream(0)-HttpPoll(0), 0 total, 0 closed abnormally (0 connect failure, 0 send limit, 0 transport error)], stompSubProtocol[processed CONNECT(0)-CONNECTED(0)-DISCONNECT(0)], stompBrokerRelay[null], inboundChannel[pool size = 0, active threads = 0, queued tasks = 0, completed tasks = 0], outboundChannel[pool size = 0, active threads = 0, queued tasks = 0, completed tasks = 0], sockJsScheduler[pool size = 7, active threads = 1, queued tasks = 0, completed tasks = 6]
2026-08-11 16:43:12 DEBUG [http-nio-8081-exec-10] o.s.security.web.FilterChainProxy - Securing OPTIONS /api/v1/projects
2026-08-11 16:43:12 DEBUG [http-nio-8081-exec-8] o.s.security.web.FilterChainProxy - Securing GET /api/v1/projects
2026-08-11 16:43:12 DEBUG [http-nio-8081-exec-8] o.s.security.web.FilterChainProxy - Secured GET /api/v1/projects
2026-08-11 16:43:12 DEBUG [http-nio-8081-exec-2] o.s.security.web.FilterChainProxy - Securing GET /api/v1/projects
2026-08-11 16:43:12 DEBUG [http-nio-8081-exec-2] o.s.security.web.FilterChainProxy - Secured GET /api/v1/projects
2026-08-11 17:00:24 WARN  [HikariPool-1:housekeeper] com.zaxxer.hikari.pool.HikariPool - HikariPool-1 - Thread starvation or clock leap detected (housekeeper delta=6m31s433ms302µs800ns).
2026-08-11 17:00:24 DEBUG [http-nio-8081-exec-7] o.s.security.web.FilterChainProxy - Securing OPTIONS /api/v1/projects
2026-08-11 17:00:24 DEBUG [http-nio-8081-exec-1] o.s.security.web.FilterChainProxy - Securing GET /api/v1/projects
2026-08-11 17:00:24 DEBUG [http-nio-8081-exec-1] o.s.security.web.FilterChainProxy - Secured GET /api/v1/projects
2026-08-11 17:00:24 DEBUG [http-nio-8081-exec-4] o.s.security.web.FilterChainProxy - Securing GET /api/v1/projects
2026-08-11 17:00:24 DEBUG [http-nio-8081-exec-4] o.s.security.web.FilterChainProxy - Secured GET /api/v1/projects
2026-08-11 17:07:37 WARN  [HikariPool-1:housekeeper] com.zaxxer.hikari.pool.HikariPool - HikariPool-1 - Thread starvation or clock leap detected (housekeeper delta=4m13s657ms135µs400ns).
2026-08-11 17:22:12 INFO  [MessageBroker-1] o.s.w.s.c.WebSocketMessageBrokerStats - WebSocketSession[0 current WS(0)-HttpStream(0)-HttpPoll(0), 0 total, 0 closed abnormally (0 connect failure, 0 send limit, 0 transport error)], stompSubProtocol[processed CONNECT(0)-CONNECTED(0)-DISCONNECT(0)], stompBrokerRelay[null], inboundChannel[pool size = 0, active threads = 0, queued tasks = 0, completed tasks = 0], outboundChannel[pool size = 0, active threads = 0, queued tasks = 0, completed tasks = 0], sockJsScheduler[pool size = 8, active threads = 1, queued tasks = 0, completed tasks = 7]
2026-08-11 17:46:08 WARN  [HikariPool-1:housekeeper] com.zaxxer.hikari.pool.HikariPool - HikariPool-1 - Thread starvation or clock leap detected (housekeeper delta=7m29s992ms582µs600ns).
2026-08-11 17:59:12 INFO  [MessageBroker-5] o.s.w.s.c.WebSocketMessageBrokerStats - WebSocketSession[0 current WS(0)-HttpStream(0)-HttpPoll(0), 0 total, 0 closed abnormally (0 connect failure, 0 send limit, 0 transport error)], stompSubProtocol[processed CONNECT(0)-CONNECTED(0)-DISCONNECT(0)], stompBrokerRelay[null], inboundChannel[pool size = 0, active threads = 0, queued tasks = 0, completed tasks = 0], outboundChannel[pool size = 0, active threads = 0, queued tasks = 0, completed tasks = 0], sockJsScheduler[pool size = 9, active threads = 1, queued tasks = 0, completed tasks = 8]
2026-08-11 18:08:23 WARN  [HikariPool-1:housekeeper] com.zaxxer.hikari.pool.HikariPool - HikariPool-1 - Thread starvation or clock leap detected (housekeeper delta=2m15s199ms711µs200ns).
2026-08-11 18:30:57 INFO  [MessageBroker-2] o.s.w.s.c.WebSocketMessageBrokerStats - WebSocketSession[0 current WS(0)-HttpStream(0)-HttpPoll(0), 0 total, 0 closed abnormally (0 connect failure, 0 send limit, 0 transport error)], stompSubProtocol[processed CONNECT(0)-CONNECTED(0)-DISCONNECT(0)], stompBrokerRelay[null], inboundChannel[pool size = 0, active threads = 0, queued tasks = 0, completed tasks = 0], outboundChannel[pool size = 0, active threads = 0, queued tasks = 0, completed tasks = 0], sockJsScheduler[pool size = 10, active threads = 1, queued tasks = 0, completed tasks = 9]
2026-08-11 18:34:28 DEBUG [http-nio-8081-exec-8] o.s.security.web.FilterChainProxy - Securing OPTIONS /api/v1/projects
2026-08-11 18:34:28 DEBUG [http-nio-8081-exec-10] o.s.security.web.FilterChainProxy - Securing OPTIONS /api/v1/projects
2026-08-11 18:34:28 DEBUG [http-nio-8081-exec-2] o.s.security.web.FilterChainProxy - Securing GET /api/v1/projects
2026-08-11 18:34:29 DEBUG [http-nio-8081-exec-2] o.s.security.web.FilterChainProxy - Secured GET /api/v1/projects
2026-08-11 18:34:29 DEBUG [http-nio-8081-exec-9] o.s.security.web.FilterChainProxy - Securing GET /api/v1/projects
2026-08-11 18:34:29 DEBUG [http-nio-8081-exec-9] o.s.security.web.FilterChainProxy - Secured GET /api/v1/projects
2026-08-11 18:34:32 DEBUG [http-nio-8081-exec-7] o.s.security.web.FilterChainProxy - Securing OPTIONS /api/v1/projects/2
2026-08-11 18:34:32 DEBUG [http-nio-8081-exec-3] o.s.security.web.FilterChainProxy - Securing OPTIONS /api/v1/projects/2
2026-08-11 18:34:32 DEBUG [http-nio-8081-exec-1] o.s.security.web.FilterChainProxy - Securing GET /api/v1/projects/2
2026-08-11 18:34:32 DEBUG [http-nio-8081-exec-1] o.s.security.web.FilterChainProxy - Secured GET /api/v1/projects/2
2026-08-11 18:34:32 DEBUG [http-nio-8081-exec-6] o.s.security.web.FilterChainProxy - Securing OPTIONS /api/v1/projects/2/members
2026-08-11 18:34:32 DEBUG [http-nio-8081-exec-4] o.s.security.web.FilterChainProxy - Securing GET /api/v1/projects/2
2026-08-11 18:34:32 DEBUG [http-nio-8081-exec-4] o.s.security.web.FilterChainProxy - Secured GET /api/v1/projects/2
2026-08-11 18:34:32 DEBUG [http-nio-8081-exec-5] o.s.security.web.FilterChainProxy - Securing GET /api/v1/projects/2/members
2026-08-11 18:34:32 DEBUG [http-nio-8081-exec-5] o.s.security.web.FilterChainProxy - Secured GET /api/v1/projects/2/members
2026-08-11 18:34:32 DEBUG [http-nio-8081-exec-8] o.s.security.web.FilterChainProxy - Securing GET /api/v1/projects/2/members
2026-08-11 18:34:32 DEBUG [http-nio-8081-exec-10] o.s.security.web.FilterChainProxy - Securing OPTIONS /api/v1/projects/2/tasks
2026-08-11 18:34:32 DEBUG [http-nio-8081-exec-2] o.s.security.web.FilterChainProxy - Securing GET /api/v1/projects/2/tasks
2026-08-11 18:34:32 DEBUG [http-nio-8081-exec-8] o.s.security.web.FilterChainProxy - Secured GET /api/v1/projects/2/members
2026-08-11 18:34:32 DEBUG [http-nio-8081-exec-2] o.s.security.web.FilterChainProxy - Secured GET /api/v1/projects/2/tasks
2026-08-11 18:34:32 DEBUG [http-nio-8081-exec-9] o.s.security.web.FilterChainProxy - Securing OPTIONS /api/v1/tasks/1/comments
2026-08-11 18:34:32 DEBUG [http-nio-8081-exec-7] o.s.security.web.FilterChainProxy - Securing OPTIONS /api/v1/tasks/1/attachments
2026-08-11 18:34:32 DEBUG [http-nio-8081-exec-3] o.s.security.web.FilterChainProxy - Securing GET /api/v1/tasks/1/comments
2026-08-11 18:34:32 DEBUG [http-nio-8081-exec-1] o.s.security.web.FilterChainProxy - Securing GET /api/v1/tasks/1/attachments
2026-08-11 18:34:32 DEBUG [http-nio-8081-exec-3] o.s.security.web.FilterChainProxy - Secured GET /api/v1/tasks/1/comments
2026-08-11 18:34:32 DEBUG [http-nio-8081-exec-1] o.s.security.web.FilterChainProxy - Secured GET /api/v1/tasks/1/attachments
2026-08-11 18:34:32 DEBUG [http-nio-8081-exec-6] o.s.security.web.FilterChainProxy - Securing GET /api/v1/projects/2/tasks
2026-08-11 18:34:32 DEBUG [http-nio-8081-exec-6] o.s.security.web.FilterChainProxy - Secured GET /api/v1/projects/2/tasks
2026-08-11 18:34:32 DEBUG [http-nio-8081-exec-1] o.s.security.web.FilterChainProxy - Securing GET /error
2026-08-11 18:34:32 DEBUG [http-nio-8081-exec-1] o.s.s.w.a.AnonymousAuthenticationFilter - Set SecurityContextHolder to anonymous SecurityContext
2026-08-11 18:34:32 DEBUG [http-nio-8081-exec-1] o.s.s.w.a.Http403ForbiddenEntryPoint - Pre-authenticated entry point called. Rejecting access
2026-08-11 18:34:32 DEBUG [http-nio-8081-exec-4] o.s.security.web.FilterChainProxy - Securing GET /api/v1/tasks/1/comments
2026-08-11 18:34:32 DEBUG [http-nio-8081-exec-5] o.s.security.web.FilterChainProxy - Securing GET /api/v1/tasks/1/attachments
2026-08-11 18:34:32 DEBUG [http-nio-8081-exec-5] o.s.security.web.FilterChainProxy - Secured GET /api/v1/tasks/1/attachments
2026-08-11 18:34:32 DEBUG [http-nio-8081-exec-4] o.s.security.web.FilterChainProxy - Secured GET /api/v1/tasks/1/comments
2026-08-11 18:34:32 DEBUG [http-nio-8081-exec-5] o.s.security.web.FilterChainProxy - Securing GET /error
2026-08-11 18:34:32 DEBUG [http-nio-8081-exec-5] o.s.s.w.a.AnonymousAuthenticationFilter - Set SecurityContextHolder to anonymous SecurityContext
2026-08-11 18:34:32 DEBUG [http-nio-8081-exec-5] o.s.s.w.a.Http403ForbiddenEntryPoint - Pre-authenticated entry point called. Rejecting access
2026-08-11 18:34:44 DEBUG [http-nio-8081-exec-10] o.s.security.web.FilterChainProxy - Securing OPTIONS /api/v1/tasks/1/attachments
2026-08-11 18:34:44 DEBUG [http-nio-8081-exec-2] o.s.security.web.FilterChainProxy - Securing GET /api/v1/tasks/1/attachments
2026-08-11 18:34:44 DEBUG [http-nio-8081-exec-2] o.s.security.web.FilterChainProxy - Secured GET /api/v1/tasks/1/attachments
2026-08-11 18:34:44 DEBUG [http-nio-8081-exec-2] o.s.security.web.FilterChainProxy - Securing GET /error
2026-08-11 18:34:44 DEBUG [http-nio-8081-exec-2] o.s.s.w.a.AnonymousAuthenticationFilter - Set SecurityContextHolder to anonymous SecurityContext
2026-08-11 18:34:44 DEBUG [http-nio-8081-exec-2] o.s.s.w.a.Http403ForbiddenEntryPoint - Pre-authenticated entry point called. Rejecting access
2026-08-11 18:46:07 INFO  [SpringApplicationShutdownHook] o.s.b.w.e.tomcat.GracefulShutdown - Commencing graceful shutdown. Waiting for active requests to complete
2026-08-11 18:46:07 INFO  [tomcat-shutdown] o.s.b.w.e.tomcat.GracefulShutdown - Graceful shutdown complete
2026-08-11 18:46:07 INFO  [SpringApplicationShutdownHook] o.s.m.s.b.SimpleBrokerMessageHandler - Stopping...
2026-08-11 18:46:07 INFO  [SpringApplicationShutdownHook] o.s.m.s.b.SimpleBrokerMessageHandler - BrokerAvailabilityEvent[available=false, SimpleBrokerMessageHandler [org.springframework.messaging.simp.broker.DefaultSubscriptionRegistry@48878ba2]]
2026-08-11 18:46:07 INFO  [SpringApplicationShutdownHook] o.s.m.s.b.SimpleBrokerMessageHandler - Stopped.
2026-08-11 18:46:07 INFO  [SpringApplicationShutdownHook] o.s.o.j.LocalContainerEntityManagerFactoryBean - Closing JPA EntityManagerFactory for persistence unit 'default'
2026-08-11 18:46:07 INFO  [SpringApplicationShutdownHook] com.zaxxer.hikari.HikariDataSource - HikariPool-1 - Shutdown initiated...
2026-08-11 18:46:07 INFO  [SpringApplicationShutdownHook] com.zaxxer.hikari.HikariDataSource - HikariPool-1 - Shutdown completed.
2026-08-11 18:46:14 INFO  [restartedMain] c.d.backend.BackendApplication - Starting BackendApplication using Java 24.0.1 with PID 2696 (D:\DevAI-Hub\backend\target\classes started by Aadesh kumar in D:\DevAI-Hub\backend)
2026-08-11 18:46:14 DEBUG [restartedMain] c.d.backend.BackendApplication - Running with Spring Boot v3.5.6, Spring v6.2.11
2026-08-11 18:46:14 INFO  [restartedMain] c.d.backend.BackendApplication - The following 1 profile is active: "dev"
2026-08-11 18:46:14 INFO  [restartedMain] o.s.b.d.e.DevToolsPropertyDefaultsPostProcessor - Devtools property defaults active! Set 'spring.devtools.add-properties' to 'false' to disable
2026-08-11 18:46:14 INFO  [restartedMain] o.s.b.d.e.DevToolsPropertyDefaultsPostProcessor - For additional web related logging consider setting the 'logging.level.web' property to 'DEBUG'
2026-08-11 18:46:16 INFO  [restartedMain] o.s.d.r.c.RepositoryConfigurationDelegate - Bootstrapping Spring Data JPA repositories in DEFAULT mode.
2026-08-11 18:46:16 INFO  [restartedMain] o.s.d.r.c.RepositoryConfigurationDelegate - Finished Spring Data repository scanning in 83 ms. Found 9 JPA repository interfaces.
2026-08-11 18:46:16 INFO  [restartedMain] o.s.b.w.e.tomcat.TomcatWebServer - Tomcat initialized with port 8081 (http)
2026-08-11 18:46:16 INFO  [restartedMain] o.a.catalina.core.StandardService - Starting service [Tomcat]
2026-08-11 18:46:16 INFO  [restartedMain] o.a.catalina.core.StandardEngine - Starting Servlet engine: [Apache Tomcat/10.1.46]
2026-08-11 18:46:16 INFO  [restartedMain] o.a.c.c.C.[Tomcat].[localhost].[/] - Initializing Spring embedded WebApplicationContext
2026-08-11 18:46:16 INFO  [restartedMain] o.s.b.w.s.c.ServletWebServerApplicationContext - Root WebApplicationContext: initialization completed in 1950 ms
2026-08-11 18:46:17 INFO  [restartedMain] o.h.jpa.internal.util.LogHelper - HHH000204: Processing PersistenceUnitInfo [name: default]
2026-08-11 18:46:17 INFO  [restartedMain] org.hibernate.Version - HHH000412: Hibernate ORM core version 6.6.29.Final
2026-08-11 18:46:17 INFO  [restartedMain] o.h.c.i.RegionFactoryInitiator - HHH000026: Second-level cache disabled
2026-08-11 18:46:17 INFO  [restartedMain] o.s.o.j.p.SpringPersistenceUnitInfo - No LoadTimeWeaver setup: ignoring JPA class transformer
2026-08-11 18:46:17 INFO  [restartedMain] com.zaxxer.hikari.HikariDataSource - HikariPool-1 - Starting...
2026-08-11 18:46:17 INFO  [restartedMain] com.zaxxer.hikari.pool.HikariPool - HikariPool-1 - Added connection org.postgresql.jdbc.PgConnection@1ce799d1
2026-08-11 18:46:17 INFO  [restartedMain] com.zaxxer.hikari.HikariDataSource - HikariPool-1 - Start completed.
2026-08-11 18:46:17 WARN  [restartedMain] org.hibernate.orm.deprecation - HHH90000025: PostgreSQLDialect does not need to be specified explicitly using 'hibernate.dialect' (remove the property setting and it will be selected by default)
2026-08-11 18:46:17 INFO  [restartedMain] o.hibernate.orm.connections.pooling - HHH10001005: Database info:
	Database JDBC URL [Connecting through datasource 'HikariDataSource (HikariPool-1)']
	Database driver: undefined/unknown
	Database version: 16.14
	Autocommit mode: undefined/unknown
	Isolation level: undefined/unknown
	Minimum pool size: undefined/unknown
	Maximum pool size: undefined/unknown
2026-08-11 18:46:19 INFO  [restartedMain] o.h.e.t.j.p.i.JtaPlatformInitiator - HHH000489: No JTA platform available (set 'hibernate.transaction.jta.platform' to enable JTA platform integration)
2026-08-11 18:46:19 INFO  [restartedMain] o.s.o.j.LocalContainerEntityManagerFactoryBean - Initialized JPA EntityManagerFactory for persistence unit 'default'
2026-08-11 18:46:20 DEBUG [restartedMain] c.d.b.s.JwtAuthenticationFilter - Filter 'jwtAuthenticationFilter' configured for use
2026-08-11 18:46:20 INFO  [restartedMain] o.s.d.j.r.query.QueryEnhancerFactory - Hibernate is in classpath; If applicable, HQL parser will be used.
2026-08-11 18:46:20 INFO  [restartedMain] o.s.s.c.a.a.c.InitializeAuthenticationProviderBeanManagerConfigurer$InitializeAuthenticationProviderManagerConfigurer - Global AuthenticationManager configured with AuthenticationProvider bean with name authenticationProvider
2026-08-11 18:46:20 WARN  [restartedMain] o.s.s.c.a.a.c.InitializeUserDetailsBeanManagerConfigurer$InitializeUserDetailsManagerConfigurer - Global AuthenticationManager configured with an AuthenticationProvider bean. UserDetailsService beans will not be used by Spring Security for automatically configuring username/password login. Consider removing the AuthenticationProvider bean. Alternatively, consider using the UserDetailsService in a manually instantiated DaoAuthenticationProvider. If the current configuration is intentional, to turn off this warning, increase the logging level of 'org.springframework.security.config.annotation.authentication.configuration.InitializeUserDetailsBeanManagerConfigurer' to ERROR
2026-08-11 18:46:21 INFO  [restartedMain] o.s.b.a.e.web.EndpointLinksResolver - Exposing 2 endpoints beneath base path '/actuator'
2026-08-11 18:46:21 DEBUG [restartedMain] o.s.s.web.DefaultSecurityFilterChain - Will secure any request with filters: DisableEncodeUrlFilter, WebAsyncManagerIntegrationFilter, SecurityContextHolderFilter, HeaderWriterFilter, CorsFilter, LogoutFilter, JwtAuthenticationFilter, RequestCacheAwareFilter, SecurityContextHolderAwareRequestFilter, AnonymousAuthenticationFilter, SessionManagementFilter, ExceptionTranslationFilter, AuthorizationFilter
2026-08-11 18:46:21 INFO  [restartedMain] o.s.b.d.a.OptionalLiveReloadServer - LiveReload server is running on port 35729
2026-08-11 18:46:22 INFO  [restartedMain] o.s.m.s.b.SimpleBrokerMessageHandler - Starting...
2026-08-11 18:46:22 INFO  [restartedMain] o.s.m.s.b.SimpleBrokerMessageHandler - BrokerAvailabilityEvent[available=true, SimpleBrokerMessageHandler [org.springframework.messaging.simp.broker.DefaultSubscriptionRegistry@5d52ca57]]
2026-08-11 18:46:22 INFO  [restartedMain] o.s.m.s.b.SimpleBrokerMessageHandler - Started.
2026-08-11 18:46:22 INFO  [restartedMain] o.s.b.w.e.tomcat.TomcatWebServer - Tomcat started on port 8081 (http) with context path '/'
2026-08-11 18:46:22 INFO  [restartedMain] c.d.backend.BackendApplication - Started BackendApplication in 7.739 seconds (process running for 8.323)
2026-08-11 18:47:02 INFO  [http-nio-8081-exec-1] o.a.c.c.C.[Tomcat].[localhost].[/] - Initializing Spring DispatcherServlet 'dispatcherServlet'
2026-08-11 18:47:02 INFO  [http-nio-8081-exec-1] o.s.web.servlet.DispatcherServlet - Initializing Servlet 'dispatcherServlet'
2026-08-11 18:47:02 INFO  [http-nio-8081-exec-1] o.s.web.servlet.DispatcherServlet - Completed initialization in 5 ms
2026-08-11 18:47:02 DEBUG [http-nio-8081-exec-1] o.s.security.web.FilterChainProxy - Securing GET /swagger-ui/index.html
2026-08-11 18:47:02 DEBUG [http-nio-8081-exec-1] o.s.s.w.a.AnonymousAuthenticationFilter - Set SecurityContextHolder to anonymous SecurityContext
2026-08-11 18:47:02 DEBUG [http-nio-8081-exec-1] o.s.security.web.FilterChainProxy - Secured GET /swagger-ui/index.html
2026-08-11 18:47:02 DEBUG [http-nio-8081-exec-2] o.s.security.web.FilterChainProxy - Securing GET /swagger-ui/swagger-ui.css
2026-08-11 18:47:02 DEBUG [http-nio-8081-exec-3] o.s.security.web.FilterChainProxy - Securing GET /swagger-ui/index.css
2026-08-11 18:47:02 DEBUG [http-nio-8081-exec-2] o.s.s.w.a.AnonymousAuthenticationFilter - Set SecurityContextHolder to anonymous SecurityContext
2026-08-11 18:47:02 DEBUG [http-nio-8081-exec-8] o.s.security.web.FilterChainProxy - Securing GET /swagger-ui/swagger-ui-standalone-preset.js
2026-08-11 18:47:02 DEBUG [http-nio-8081-exec-4] o.s.security.web.FilterChainProxy - Securing GET /swagger-ui/swagger-ui-bundle.js
2026-08-11 18:47:02 DEBUG [http-nio-8081-exec-2] o.s.security.web.FilterChainProxy - Secured GET /swagger-ui/swagger-ui.css
2026-08-11 18:47:02 DEBUG [http-nio-8081-exec-6] o.s.security.web.FilterChainProxy - Securing GET /swagger-ui/swagger-initializer.js
2026-08-11 18:47:02 DEBUG [http-nio-8081-exec-3] o.s.s.w.a.AnonymousAuthenticationFilter - Set SecurityContextHolder to anonymous SecurityContext
2026-08-11 18:47:02 DEBUG [http-nio-8081-exec-8] o.s.s.w.a.AnonymousAuthenticationFilter - Set SecurityContextHolder to anonymous SecurityContext
2026-08-11 18:47:02 DEBUG [http-nio-8081-exec-3] o.s.security.web.FilterChainProxy - Secured GET /swagger-ui/index.css
2026-08-11 18:47:02 DEBUG [http-nio-8081-exec-4] o.s.s.w.a.AnonymousAuthenticationFilter - Set SecurityContextHolder to anonymous SecurityContext
2026-08-11 18:47:02 DEBUG [http-nio-8081-exec-8] o.s.security.web.FilterChainProxy - Secured GET /swagger-ui/swagger-ui-standalone-preset.js
2026-08-11 18:47:02 DEBUG [http-nio-8081-exec-6] o.s.s.w.a.AnonymousAuthenticationFilter - Set SecurityContextHolder to anonymous SecurityContext
2026-08-11 18:47:02 DEBUG [http-nio-8081-exec-4] o.s.security.web.FilterChainProxy - Secured GET /swagger-ui/swagger-ui-bundle.js
2026-08-11 18:47:02 DEBUG [http-nio-8081-exec-6] o.s.security.web.FilterChainProxy - Secured GET /swagger-ui/swagger-initializer.js
2026-08-11 18:47:02 DEBUG [http-nio-8081-exec-5] o.s.security.web.FilterChainProxy - Securing GET /swagger-ui/favicon-32x32.png
2026-08-11 18:47:02 DEBUG [http-nio-8081-exec-5] o.s.s.w.a.AnonymousAuthenticationFilter - Set SecurityContextHolder to anonymous SecurityContext
2026-08-11 18:47:02 DEBUG [http-nio-8081-exec-7] o.s.security.web.FilterChainProxy - Securing GET /v3/api-docs/swagger-config
2026-08-11 18:47:02 DEBUG [http-nio-8081-exec-5] o.s.security.web.FilterChainProxy - Secured GET /swagger-ui/favicon-32x32.png
2026-08-11 18:47:02 DEBUG [http-nio-8081-exec-7] o.s.s.w.a.AnonymousAuthenticationFilter - Set SecurityContextHolder to anonymous SecurityContext
2026-08-11 18:47:02 DEBUG [http-nio-8081-exec-7] o.s.security.web.FilterChainProxy - Secured GET /v3/api-docs/swagger-config
2026-08-11 18:47:02 DEBUG [http-nio-8081-exec-9] o.s.security.web.FilterChainProxy - Securing GET /v3/api-docs
2026-08-11 18:47:02 DEBUG [http-nio-8081-exec-9] o.s.s.w.a.AnonymousAuthenticationFilter - Set SecurityContextHolder to anonymous SecurityContext
2026-08-11 18:47:02 DEBUG [http-nio-8081-exec-9] o.s.security.web.FilterChainProxy - Secured GET /v3/api-docs
2026-08-11 18:47:04 INFO  [http-nio-8081-exec-9] o.s.api.AbstractOpenApiResource - Init duration for springdoc-openapi is: 1393 ms
2026-08-11 18:47:22 INFO  [MessageBroker-1] o.s.w.s.c.WebSocketMessageBrokerStats - WebSocketSession[0 current WS(0)-HttpStream(0)-HttpPoll(0), 0 total, 0 closed abnormally (0 connect failure, 0 send limit, 0 transport error)], stompSubProtocol[processed CONNECT(0)-CONNECTED(0)-DISCONNECT(0)], stompBrokerRelay[null], inboundChannel[pool size = 0, active threads = 0, queued tasks = 0, completed tasks = 0], outboundChannel[pool size = 0, active threads = 0, queued tasks = 0, completed tasks = 0], sockJsScheduler[pool size = 1, active threads = 1, queued tasks = 0, completed tasks = 0]
2026-08-11 18:49:23 INFO  [File Watcher] o.s.b.d.a.LocalDevToolsAutoConfiguration$RestartingClassPathChangeChangedEventListener - Restarting due to 1 class path change (1 addition, 0 deletions, 0 modifications)
2026-08-11 18:49:23 INFO  [Thread-5] o.s.b.w.e.tomcat.GracefulShutdown - Commencing graceful shutdown. Waiting for active requests to complete
2026-08-11 18:49:23 INFO  [tomcat-shutdown] o.s.b.w.e.tomcat.GracefulShutdown - Graceful shutdown complete
2026-08-11 18:49:23 INFO  [Thread-5] o.s.m.s.b.SimpleBrokerMessageHandler - Stopping...
2026-08-11 18:49:23 INFO  [Thread-5] o.s.m.s.b.SimpleBrokerMessageHandler - BrokerAvailabilityEvent[available=false, SimpleBrokerMessageHandler [org.springframework.messaging.simp.broker.DefaultSubscriptionRegistry@5d52ca57]]
2026-08-11 18:49:23 INFO  [Thread-5] o.s.m.s.b.SimpleBrokerMessageHandler - Stopped.
2026-08-11 18:49:23 INFO  [Thread-5] o.s.o.j.LocalContainerEntityManagerFactoryBean - Closing JPA EntityManagerFactory for persistence unit 'default'
2026-08-11 18:49:23 INFO  [Thread-5] com.zaxxer.hikari.HikariDataSource - HikariPool-1 - Shutdown initiated...
2026-08-11 18:49:23 INFO  [Thread-5] com.zaxxer.hikari.HikariDataSource - HikariPool-1 - Shutdown completed.
2026-08-11 18:49:23 INFO  [restartedMain] c.d.backend.BackendApplication - Starting BackendApplication using Java 24.0.1 with PID 2696 (D:\DevAI-Hub\backend\target\classes started by Aadesh kumar in D:\DevAI-Hub\backend)
2026-08-11 18:49:23 DEBUG [restartedMain] c.d.backend.BackendApplication - Running with Spring Boot v3.5.6, Spring v6.2.11
2026-08-11 18:49:23 INFO  [restartedMain] c.d.backend.BackendApplication - The following 1 profile is active: "dev"
2026-08-11 18:49:23 INFO  [restartedMain] o.s.d.r.c.RepositoryConfigurationDelegate - Bootstrapping Spring Data JPA repositories in DEFAULT mode.
2026-08-11 18:49:23 INFO  [restartedMain] o.s.d.r.c.RepositoryConfigurationDelegate - Finished Spring Data repository scanning in 44 ms. Found 9 JPA repository interfaces.
2026-08-11 18:49:24 INFO  [restartedMain] o.s.b.w.e.tomcat.TomcatWebServer - Tomcat initialized with port 8081 (http)
2026-08-11 18:49:24 INFO  [restartedMain] o.a.catalina.core.StandardService - Starting service [Tomcat]
2026-08-11 18:49:24 INFO  [restartedMain] o.a.catalina.core.StandardEngine - Starting Servlet engine: [Apache Tomcat/10.1.46]
2026-08-11 18:49:24 INFO  [restartedMain] o.a.c.c.C.[Tomcat].[localhost].[/] - Initializing Spring embedded WebApplicationContext
2026-08-11 18:49:24 INFO  [restartedMain] o.s.b.w.s.c.ServletWebServerApplicationContext - Root WebApplicationContext: initialization completed in 632 ms
2026-08-11 18:49:24 INFO  [restartedMain] o.h.jpa.internal.util.LogHelper - HHH000204: Processing PersistenceUnitInfo [name: default]
2026-08-11 18:49:24 INFO  [restartedMain] o.h.c.i.RegionFactoryInitiator - HHH000026: Second-level cache disabled
2026-08-11 18:49:24 INFO  [restartedMain] o.s.o.j.p.SpringPersistenceUnitInfo - No LoadTimeWeaver setup: ignoring JPA class transformer
2026-08-11 18:49:24 INFO  [restartedMain] com.zaxxer.hikari.HikariDataSource - HikariPool-2 - Starting...
2026-08-11 18:49:24 INFO  [restartedMain] com.zaxxer.hikari.pool.HikariPool - HikariPool-2 - Added connection org.postgresql.jdbc.PgConnection@5c558a34
2026-08-11 18:49:24 INFO  [restartedMain] com.zaxxer.hikari.HikariDataSource - HikariPool-2 - Start completed.
2026-08-11 18:49:24 WARN  [restartedMain] org.hibernate.orm.deprecation - HHH90000025: PostgreSQLDialect does not need to be specified explicitly using 'hibernate.dialect' (remove the property setting and it will be selected by default)
2026-08-11 18:49:24 INFO  [restartedMain] o.hibernate.orm.connections.pooling - HHH10001005: Database info:
	Database JDBC URL [Connecting through datasource 'HikariDataSource (HikariPool-2)']
	Database driver: undefined/unknown
	Database version: 16.14
	Autocommit mode: undefined/unknown
	Isolation level: undefined/unknown
	Minimum pool size: undefined/unknown
	Maximum pool size: undefined/unknown
2026-08-11 18:49:24 INFO  [restartedMain] o.h.e.t.j.p.i.JtaPlatformInitiator - HHH000489: No JTA platform available (set 'hibernate.transaction.jta.platform' to enable JTA platform integration)
2026-08-11 18:49:25 INFO  [restartedMain] o.s.o.j.LocalContainerEntityManagerFactoryBean - Initialized JPA EntityManagerFactory for persistence unit 'default'
2026-08-11 18:49:25 DEBUG [restartedMain] c.d.b.s.JwtAuthenticationFilter - Filter 'jwtAuthenticationFilter' configured for use
2026-08-11 18:49:25 INFO  [restartedMain] o.s.s.c.a.a.c.InitializeAuthenticationProviderBeanManagerConfigurer$InitializeAuthenticationProviderManagerConfigurer - Global AuthenticationManager configured with AuthenticationProvider bean with name authenticationProvider
2026-08-11 18:49:25 WARN  [restartedMain] o.s.s.c.a.a.c.InitializeUserDetailsBeanManagerConfigurer$InitializeUserDetailsManagerConfigurer - Global AuthenticationManager configured with an AuthenticationProvider bean. UserDetailsService beans will not be used by Spring Security for automatically configuring username/password login. Consider removing the AuthenticationProvider bean. Alternatively, consider using the UserDetailsService in a manually instantiated DaoAuthenticationProvider. If the current configuration is intentional, to turn off this warning, increase the logging level of 'org.springframework.security.config.annotation.authentication.configuration.InitializeUserDetailsBeanManagerConfigurer' to ERROR
2026-08-11 18:49:25 INFO  [restartedMain] o.s.b.a.e.web.EndpointLinksResolver - Exposing 2 endpoints beneath base path '/actuator'
2026-08-11 18:49:26 DEBUG [restartedMain] o.s.s.web.DefaultSecurityFilterChain - Will secure any request with filters: DisableEncodeUrlFilter, WebAsyncManagerIntegrationFilter, SecurityContextHolderFilter, HeaderWriterFilter, CorsFilter, LogoutFilter, JwtAuthenticationFilter, RequestCacheAwareFilter, SecurityContextHolderAwareRequestFilter, AnonymousAuthenticationFilter, SessionManagementFilter, ExceptionTranslationFilter, AuthorizationFilter
2026-08-11 18:49:26 INFO  [restartedMain] o.s.b.d.a.OptionalLiveReloadServer - LiveReload server is running on port 35729
2026-08-11 18:49:26 INFO  [restartedMain] o.s.m.s.b.SimpleBrokerMessageHandler - Starting...
2026-08-11 18:49:26 INFO  [restartedMain] o.s.m.s.b.SimpleBrokerMessageHandler - BrokerAvailabilityEvent[available=true, SimpleBrokerMessageHandler [org.springframework.messaging.simp.broker.DefaultSubscriptionRegistry@2d2f2441]]
2026-08-11 18:49:26 INFO  [restartedMain] o.s.m.s.b.SimpleBrokerMessageHandler - Started.
2026-08-11 18:49:26 INFO  [restartedMain] o.s.b.w.e.tomcat.TomcatWebServer - Tomcat started on port 8081 (http) with context path '/'
2026-08-11 18:49:26 INFO  [restartedMain] c.d.backend.BackendApplication - Started BackendApplication in 2.795 seconds (process running for 192.46)
2026-08-11 18:49:26 INFO  [restartedMain] o.s.b.d.a.ConditionEvaluationDeltaLoggingListener - Condition evaluation unchanged
2026-08-11 18:49:39 INFO  [File Watcher] o.s.b.d.a.LocalDevToolsAutoConfiguration$RestartingClassPathChangeChangedEventListener - Restarting due to 1 class path change (0 additions, 0 deletions, 1 modification)
2026-08-11 18:49:39 INFO  [Thread-7] o.s.b.w.e.tomcat.GracefulShutdown - Commencing graceful shutdown. Waiting for active requests to complete
2026-08-11 18:49:39 INFO  [tomcat-shutdown] o.s.b.w.e.tomcat.GracefulShutdown - Graceful shutdown complete
2026-08-11 18:49:39 INFO  [Thread-7] o.s.m.s.b.SimpleBrokerMessageHandler - Stopping...
2026-08-11 18:49:39 INFO  [Thread-7] o.s.m.s.b.SimpleBrokerMessageHandler - BrokerAvailabilityEvent[available=false, SimpleBrokerMessageHandler [org.springframework.messaging.simp.broker.DefaultSubscriptionRegistry@2d2f2441]]
2026-08-11 18:49:39 INFO  [Thread-7] o.s.m.s.b.SimpleBrokerMessageHandler - Stopped.
2026-08-11 18:49:39 INFO  [Thread-7] o.s.o.j.LocalContainerEntityManagerFactoryBean - Closing JPA EntityManagerFactory for persistence unit 'default'
2026-08-11 18:49:39 INFO  [Thread-7] com.zaxxer.hikari.HikariDataSource - HikariPool-2 - Shutdown initiated...
2026-08-11 18:49:39 INFO  [Thread-7] com.zaxxer.hikari.HikariDataSource - HikariPool-2 - Shutdown completed.
2026-08-11 18:49:39 INFO  [restartedMain] c.d.backend.BackendApplication - Starting BackendApplication using Java 24.0.1 with PID 2696 (D:\DevAI-Hub\backend\target\classes started by Aadesh kumar in D:\DevAI-Hub\backend)
2026-08-11 18:49:39 DEBUG [restartedMain] c.d.backend.BackendApplication - Running with Spring Boot v3.5.6, Spring v6.2.11
2026-08-11 18:49:39 INFO  [restartedMain] c.d.backend.BackendApplication - The following 1 profile is active: "dev"
2026-08-11 18:49:40 INFO  [restartedMain] o.s.d.r.c.RepositoryConfigurationDelegate - Bootstrapping Spring Data JPA repositories in DEFAULT mode.
2026-08-11 18:49:40 INFO  [restartedMain] o.s.d.r.c.RepositoryConfigurationDelegate - Finished Spring Data repository scanning in 61 ms. Found 9 JPA repository interfaces.
2026-08-11 18:49:40 INFO  [restartedMain] o.s.b.w.e.tomcat.TomcatWebServer - Tomcat initialized with port 8081 (http)
2026-08-11 18:49:40 INFO  [restartedMain] o.a.catalina.core.StandardService - Starting service [Tomcat]
2026-08-11 18:49:40 INFO  [restartedMain] o.a.catalina.core.StandardEngine - Starting Servlet engine: [Apache Tomcat/10.1.46]
2026-08-11 18:49:40 INFO  [restartedMain] o.a.c.c.C.[Tomcat].[localhost].[/] - Initializing Spring embedded WebApplicationContext
2026-08-11 18:49:40 INFO  [restartedMain] o.s.b.w.s.c.ServletWebServerApplicationContext - Root WebApplicationContext: initialization completed in 742 ms
2026-08-11 18:49:40 INFO  [restartedMain] o.h.jpa.internal.util.LogHelper - HHH000204: Processing PersistenceUnitInfo [name: default]
2026-08-11 18:49:40 INFO  [restartedMain] o.h.c.i.RegionFactoryInitiator - HHH000026: Second-level cache disabled
2026-08-11 18:49:40 INFO  [restartedMain] o.s.o.j.p.SpringPersistenceUnitInfo - No LoadTimeWeaver setup: ignoring JPA class transformer
2026-08-11 18:49:40 INFO  [restartedMain] com.zaxxer.hikari.HikariDataSource - HikariPool-3 - Starting...
2026-08-11 18:49:40 INFO  [restartedMain] com.zaxxer.hikari.pool.HikariPool - HikariPool-3 - Added connection org.postgresql.jdbc.PgConnection@3d674319
2026-08-11 18:49:40 INFO  [restartedMain] com.zaxxer.hikari.HikariDataSource - HikariPool-3 - Start completed.
2026-08-11 18:49:40 WARN  [restartedMain] org.hibernate.orm.deprecation - HHH90000025: PostgreSQLDialect does not need to be specified explicitly using 'hibernate.dialect' (remove the property setting and it will be selected by default)
2026-08-11 18:49:40 INFO  [restartedMain] o.hibernate.orm.connections.pooling - HHH10001005: Database info:
	Database JDBC URL [Connecting through datasource 'HikariDataSource (HikariPool-3)']
	Database driver: undefined/unknown
	Database version: 16.14
	Autocommit mode: undefined/unknown
	Isolation level: undefined/unknown
	Minimum pool size: undefined/unknown
	Maximum pool size: undefined/unknown
2026-08-11 18:49:40 INFO  [restartedMain] o.h.e.t.j.p.i.JtaPlatformInitiator - HHH000489: No JTA platform available (set 'hibernate.transaction.jta.platform' to enable JTA platform integration)
2026-08-11 18:49:41 INFO  [restartedMain] o.s.o.j.LocalContainerEntityManagerFactoryBean - Initialized JPA EntityManagerFactory for persistence unit 'default'
2026-08-11 18:49:41 DEBUG [restartedMain] c.d.b.s.JwtAuthenticationFilter - Filter 'jwtAuthenticationFilter' configured for use
2026-08-11 18:49:41 INFO  [restartedMain] o.s.s.c.a.a.c.InitializeAuthenticationProviderBeanManagerConfigurer$InitializeAuthenticationProviderManagerConfigurer - Global AuthenticationManager configured with AuthenticationProvider bean with name authenticationProvider
2026-08-11 18:49:41 WARN  [restartedMain] o.s.s.c.a.a.c.InitializeUserDetailsBeanManagerConfigurer$InitializeUserDetailsManagerConfigurer - Global AuthenticationManager configured with an AuthenticationProvider bean. UserDetailsService beans will not be used by Spring Security for automatically configuring username/password login. Consider removing the AuthenticationProvider bean. Alternatively, consider using the UserDetailsService in a manually instantiated DaoAuthenticationProvider. If the current configuration is intentional, to turn off this warning, increase the logging level of 'org.springframework.security.config.annotation.authentication.configuration.InitializeUserDetailsBeanManagerConfigurer' to ERROR
2026-08-11 18:49:42 INFO  [restartedMain] o.s.b.a.e.web.EndpointLinksResolver - Exposing 2 endpoints beneath base path '/actuator'
2026-08-11 18:49:42 DEBUG [restartedMain] o.s.s.web.DefaultSecurityFilterChain - Will secure any request with filters: DisableEncodeUrlFilter, WebAsyncManagerIntegrationFilter, SecurityContextHolderFilter, HeaderWriterFilter, CorsFilter, LogoutFilter, JwtAuthenticationFilter, RequestCacheAwareFilter, SecurityContextHolderAwareRequestFilter, AnonymousAuthenticationFilter, SessionManagementFilter, ExceptionTranslationFilter, AuthorizationFilter
2026-08-11 18:49:42 INFO  [restartedMain] o.s.b.d.a.OptionalLiveReloadServer - LiveReload server is running on port 35729
2026-08-11 18:49:42 INFO  [restartedMain] o.s.m.s.b.SimpleBrokerMessageHandler - Starting...
2026-08-11 18:49:42 INFO  [restartedMain] o.s.m.s.b.SimpleBrokerMessageHandler - BrokerAvailabilityEvent[available=true, SimpleBrokerMessageHandler [org.springframework.messaging.simp.broker.DefaultSubscriptionRegistry@535b14a4]]
2026-08-11 18:49:42 INFO  [restartedMain] o.s.m.s.b.SimpleBrokerMessageHandler - Started.
2026-08-11 18:49:42 INFO  [restartedMain] o.s.b.w.e.tomcat.TomcatWebServer - Tomcat started on port 8081 (http) with context path '/'
2026-08-11 18:49:42 INFO  [restartedMain] c.d.backend.BackendApplication - Started BackendApplication in 2.916 seconds (process running for 208.992)
2026-08-11 18:49:42 INFO  [restartedMain] o.s.b.d.a.ConditionEvaluationDeltaLoggingListener - Condition evaluation unchanged
2026-08-11 18:49:50 INFO  [SpringApplicationShutdownHook] o.s.b.w.e.tomcat.GracefulShutdown - Commencing graceful shutdown. Waiting for active requests to complete
2026-08-11 18:49:50 INFO  [tomcat-shutdown] o.s.b.w.e.tomcat.GracefulShutdown - Graceful shutdown complete
2026-08-11 18:49:50 INFO  [SpringApplicationShutdownHook] o.s.m.s.b.SimpleBrokerMessageHandler - Stopping...
2026-08-11 18:49:50 INFO  [SpringApplicationShutdownHook] o.s.m.s.b.SimpleBrokerMessageHandler - BrokerAvailabilityEvent[available=false, SimpleBrokerMessageHandler [org.springframework.messaging.simp.broker.DefaultSubscriptionRegistry@535b14a4]]
2026-08-11 18:49:50 INFO  [SpringApplicationShutdownHook] o.s.m.s.b.SimpleBrokerMessageHandler - Stopped.
2026-08-11 18:49:50 INFO  [SpringApplicationShutdownHook] o.s.o.j.LocalContainerEntityManagerFactoryBean - Closing JPA EntityManagerFactory for persistence unit 'default'
2026-08-11 18:49:50 INFO  [SpringApplicationShutdownHook] com.zaxxer.hikari.HikariDataSource - HikariPool-3 - Shutdown initiated...
2026-08-11 18:49:50 INFO  [SpringApplicationShutdownHook] com.zaxxer.hikari.HikariDataSource - HikariPool-3 - Shutdown completed.
2026-08-11 18:49:54 INFO  [restartedMain] c.d.backend.BackendApplication - Starting BackendApplication using Java 24.0.1 with PID 38124 (D:\DevAI-Hub\backend\target\classes started by Aadesh kumar in D:\DevAI-Hub\backend)
2026-08-11 18:49:54 DEBUG [restartedMain] c.d.backend.BackendApplication - Running with Spring Boot v3.5.6, Spring v6.2.11
2026-08-11 18:49:54 INFO  [restartedMain] c.d.backend.BackendApplication - The following 1 profile is active: "dev"
2026-08-11 18:49:54 INFO  [restartedMain] o.s.b.d.e.DevToolsPropertyDefaultsPostProcessor - Devtools property defaults active! Set 'spring.devtools.add-properties' to 'false' to disable
2026-08-11 18:49:54 INFO  [restartedMain] o.s.b.d.e.DevToolsPropertyDefaultsPostProcessor - For additional web related logging consider setting the 'logging.level.web' property to 'DEBUG'
2026-08-11 18:49:55 INFO  [restartedMain] o.s.d.r.c.RepositoryConfigurationDelegate - Bootstrapping Spring Data JPA repositories in DEFAULT mode.
2026-08-11 18:49:55 INFO  [restartedMain] o.s.d.r.c.RepositoryConfigurationDelegate - Finished Spring Data repository scanning in 82 ms. Found 9 JPA repository interfaces.
2026-08-11 18:49:56 INFO  [restartedMain] o.s.b.w.e.tomcat.TomcatWebServer - Tomcat initialized with port 8081 (http)
2026-08-11 18:49:56 INFO  [restartedMain] o.a.catalina.core.StandardService - Starting service [Tomcat]
2026-08-11 18:49:56 INFO  [restartedMain] o.a.catalina.core.StandardEngine - Starting Servlet engine: [Apache Tomcat/10.1.46]
2026-08-11 18:49:56 INFO  [restartedMain] o.a.c.c.C.[Tomcat].[localhost].[/] - Initializing Spring embedded WebApplicationContext
2026-08-11 18:49:56 INFO  [restartedMain] o.s.b.w.s.c.ServletWebServerApplicationContext - Root WebApplicationContext: initialization completed in 1859 ms
2026-08-11 18:49:56 INFO  [restartedMain] o.h.jpa.internal.util.LogHelper - HHH000204: Processing PersistenceUnitInfo [name: default]
2026-08-11 18:49:56 INFO  [restartedMain] org.hibernate.Version - HHH000412: Hibernate ORM core version 6.6.29.Final
2026-08-11 18:49:56 INFO  [restartedMain] o.h.c.i.RegionFactoryInitiator - HHH000026: Second-level cache disabled
2026-08-11 18:49:56 INFO  [restartedMain] o.s.o.j.p.SpringPersistenceUnitInfo - No LoadTimeWeaver setup: ignoring JPA class transformer
2026-08-11 18:49:56 INFO  [restartedMain] com.zaxxer.hikari.HikariDataSource - HikariPool-1 - Starting...
2026-08-11 18:49:56 INFO  [restartedMain] com.zaxxer.hikari.pool.HikariPool - HikariPool-1 - Added connection org.postgresql.jdbc.PgConnection@35a1190b
2026-08-11 18:49:56 INFO  [restartedMain] com.zaxxer.hikari.HikariDataSource - HikariPool-1 - Start completed.
2026-08-11 18:49:56 WARN  [restartedMain] org.hibernate.orm.deprecation - HHH90000025: PostgreSQLDialect does not need to be specified explicitly using 'hibernate.dialect' (remove the property setting and it will be selected by default)
2026-08-11 18:49:56 INFO  [restartedMain] o.hibernate.orm.connections.pooling - HHH10001005: Database info:
	Database JDBC URL [Connecting through datasource 'HikariDataSource (HikariPool-1)']
	Database driver: undefined/unknown
	Database version: 16.14
	Autocommit mode: undefined/unknown
	Isolation level: undefined/unknown
	Minimum pool size: undefined/unknown
	Maximum pool size: undefined/unknown
2026-08-11 18:49:57 INFO  [restartedMain] o.h.e.t.j.p.i.JtaPlatformInitiator - HHH000489: No JTA platform available (set 'hibernate.transaction.jta.platform' to enable JTA platform integration)
2026-08-11 18:49:58 INFO  [restartedMain] o.s.o.j.LocalContainerEntityManagerFactoryBean - Initialized JPA EntityManagerFactory for persistence unit 'default'
2026-08-11 18:49:58 DEBUG [restartedMain] c.d.b.s.JwtAuthenticationFilter - Filter 'jwtAuthenticationFilter' configured for use
2026-08-11 18:49:58 INFO  [restartedMain] o.s.d.j.r.query.QueryEnhancerFactory - Hibernate is in classpath; If applicable, HQL parser will be used.
2026-08-11 18:49:59 INFO  [restartedMain] o.s.s.c.a.a.c.InitializeAuthenticationProviderBeanManagerConfigurer$InitializeAuthenticationProviderManagerConfigurer - Global AuthenticationManager configured with AuthenticationProvider bean with name authenticationProvider
2026-08-11 18:49:59 WARN  [restartedMain] o.s.s.c.a.a.c.InitializeUserDetailsBeanManagerConfigurer$InitializeUserDetailsManagerConfigurer - Global AuthenticationManager configured with an AuthenticationProvider bean. UserDetailsService beans will not be used by Spring Security for automatically configuring username/password login. Consider removing the AuthenticationProvider bean. Alternatively, consider using the UserDetailsService in a manually instantiated DaoAuthenticationProvider. If the current configuration is intentional, to turn off this warning, increase the logging level of 'org.springframework.security.config.annotation.authentication.configuration.InitializeUserDetailsBeanManagerConfigurer' to ERROR
2026-08-11 18:50:00 INFO  [restartedMain] o.s.b.a.e.web.EndpointLinksResolver - Exposing 2 endpoints beneath base path '/actuator'
2026-08-11 18:50:00 DEBUG [restartedMain] o.s.s.web.DefaultSecurityFilterChain - Will secure any request with filters: DisableEncodeUrlFilter, WebAsyncManagerIntegrationFilter, SecurityContextHolderFilter, HeaderWriterFilter, CorsFilter, LogoutFilter, JwtAuthenticationFilter, RequestCacheAwareFilter, SecurityContextHolderAwareRequestFilter, AnonymousAuthenticationFilter, SessionManagementFilter, ExceptionTranslationFilter, AuthorizationFilter
2026-08-11 18:50:00 INFO  [restartedMain] o.s.b.d.a.OptionalLiveReloadServer - LiveReload server is running on port 35729
2026-08-11 18:50:00 INFO  [restartedMain] o.s.m.s.b.SimpleBrokerMessageHandler - Starting...
2026-08-11 18:50:00 INFO  [restartedMain] o.s.m.s.b.SimpleBrokerMessageHandler - BrokerAvailabilityEvent[available=true, SimpleBrokerMessageHandler [org.springframework.messaging.simp.broker.DefaultSubscriptionRegistry@63ebc3df]]
2026-08-11 18:50:00 INFO  [restartedMain] o.s.m.s.b.SimpleBrokerMessageHandler - Started.
2026-08-11 18:50:00 INFO  [restartedMain] o.s.b.w.e.tomcat.TomcatWebServer - Tomcat started on port 8081 (http) with context path '/'
2026-08-11 18:50:00 INFO  [restartedMain] c.d.backend.BackendApplication - Started BackendApplication in 7.16 seconds (process running for 7.679)
2026-08-11 18:50:11 INFO  [http-nio-8081-exec-1] o.a.c.c.C.[Tomcat].[localhost].[/] - Initializing Spring DispatcherServlet 'dispatcherServlet'
2026-08-11 18:50:11 INFO  [http-nio-8081-exec-1] o.s.web.servlet.DispatcherServlet - Initializing Servlet 'dispatcherServlet'
2026-08-11 18:50:11 INFO  [http-nio-8081-exec-1] o.s.web.servlet.DispatcherServlet - Completed initialization in 11 ms
2026-08-11 18:50:11 DEBUG [http-nio-8081-exec-1] o.s.security.web.FilterChainProxy - Securing GET /swagger-ui/index.html
2026-08-11 18:50:11 DEBUG [http-nio-8081-exec-1] o.s.s.w.a.AnonymousAuthenticationFilter - Set SecurityContextHolder to anonymous SecurityContext
2026-08-11 18:50:11 DEBUG [http-nio-8081-exec-1] o.s.security.web.FilterChainProxy - Secured GET /swagger-ui/index.html
2026-08-11 18:50:11 DEBUG [http-nio-8081-exec-2] o.s.security.web.FilterChainProxy - Securing GET /swagger-ui/swagger-ui.css
2026-08-11 18:50:11 DEBUG [http-nio-8081-exec-6] o.s.security.web.FilterChainProxy - Securing GET /swagger-ui/swagger-ui-bundle.js
2026-08-11 18:50:11 DEBUG [http-nio-8081-exec-3] o.s.security.web.FilterChainProxy - Securing GET /swagger-ui/index.css
2026-08-11 18:50:11 DEBUG [http-nio-8081-exec-2] o.s.s.w.a.AnonymousAuthenticationFilter - Set SecurityContextHolder to anonymous SecurityContext
2026-08-11 18:50:11 DEBUG [http-nio-8081-exec-6] o.s.s.w.a.AnonymousAuthenticationFilter - Set SecurityContextHolder to anonymous SecurityContext
2026-08-11 18:50:11 DEBUG [http-nio-8081-exec-2] o.s.security.web.FilterChainProxy - Secured GET /swagger-ui/swagger-ui.css
2026-08-11 18:50:11 DEBUG [http-nio-8081-exec-5] o.s.security.web.FilterChainProxy - Securing GET /swagger-ui/swagger-ui-standalone-preset.js
2026-08-11 18:50:11 DEBUG [http-nio-8081-exec-3] o.s.s.w.a.AnonymousAuthenticationFilter - Set SecurityContextHolder to anonymous SecurityContext
2026-08-11 18:50:11 DEBUG [http-nio-8081-exec-4] o.s.security.web.FilterChainProxy - Securing GET /swagger-ui/swagger-initializer.js
2026-08-11 18:50:11 DEBUG [http-nio-8081-exec-6] o.s.security.web.FilterChainProxy - Secured GET /swagger-ui/swagger-ui-bundle.js
2026-08-11 18:50:11 DEBUG [http-nio-8081-exec-3] o.s.security.web.FilterChainProxy - Secured GET /swagger-ui/index.css
2026-08-11 18:50:11 DEBUG [http-nio-8081-exec-4] o.s.s.w.a.AnonymousAuthenticationFilter - Set SecurityContextHolder to anonymous SecurityContext
2026-08-11 18:50:11 DEBUG [http-nio-8081-exec-5] o.s.s.w.a.AnonymousAuthenticationFilter - Set SecurityContextHolder to anonymous SecurityContext
2026-08-11 18:50:11 DEBUG [http-nio-8081-exec-5] o.s.security.web.FilterChainProxy - Secured GET /swagger-ui/swagger-ui-standalone-preset.js
2026-08-11 18:50:11 DEBUG [http-nio-8081-exec-4] o.s.security.web.FilterChainProxy - Secured GET /swagger-ui/swagger-initializer.js
2026-08-11 18:50:11 DEBUG [http-nio-8081-exec-8] o.s.security.web.FilterChainProxy - Securing GET /swagger-ui/favicon-32x32.png
2026-08-11 18:50:11 DEBUG [http-nio-8081-exec-8] o.s.s.w.a.AnonymousAuthenticationFilter - Set SecurityContextHolder to anonymous SecurityContext
2026-08-11 18:50:11 DEBUG [http-nio-8081-exec-7] o.s.security.web.FilterChainProxy - Securing GET /v3/api-docs/swagger-config
2026-08-11 18:50:11 DEBUG [http-nio-8081-exec-8] o.s.security.web.FilterChainProxy - Secured GET /swagger-ui/favicon-32x32.png
2026-08-11 18:50:11 DEBUG [http-nio-8081-exec-7] o.s.s.w.a.AnonymousAuthenticationFilter - Set SecurityContextHolder to anonymous SecurityContext
2026-08-11 18:50:11 DEBUG [http-nio-8081-exec-7] o.s.security.web.FilterChainProxy - Secured GET /v3/api-docs/swagger-config
2026-08-11 18:50:11 DEBUG [http-nio-8081-exec-9] o.s.security.web.FilterChainProxy - Securing GET /v3/api-docs
2026-08-11 18:50:11 DEBUG [http-nio-8081-exec-9] o.s.s.w.a.AnonymousAuthenticationFilter - Set SecurityContextHolder to anonymous SecurityContext
2026-08-11 18:50:11 DEBUG [http-nio-8081-exec-9] o.s.security.web.FilterChainProxy - Secured GET /v3/api-docs
2026-08-11 18:50:13 INFO  [http-nio-8081-exec-9] o.s.api.AbstractOpenApiResource - Init duration for springdoc-openapi is: 1446 ms
2026-08-11 18:50:43 INFO  [SpringApplicationShutdownHook] o.s.b.w.e.tomcat.GracefulShutdown - Commencing graceful shutdown. Waiting for active requests to complete
2026-08-11 18:50:43 INFO  [tomcat-shutdown] o.s.b.w.e.tomcat.GracefulShutdown - Graceful shutdown complete
2026-08-11 18:50:43 INFO  [SpringApplicationShutdownHook] o.s.m.s.b.SimpleBrokerMessageHandler - Stopping...
2026-08-11 18:50:43 INFO  [SpringApplicationShutdownHook] o.s.m.s.b.SimpleBrokerMessageHandler - BrokerAvailabilityEvent[available=false, SimpleBrokerMessageHandler [org.springframework.messaging.simp.broker.DefaultSubscriptionRegistry@63ebc3df]]
2026-08-11 18:50:43 INFO  [SpringApplicationShutdownHook] o.s.m.s.b.SimpleBrokerMessageHandler - Stopped.
2026-08-11 18:50:43 INFO  [SpringApplicationShutdownHook] o.s.o.j.LocalContainerEntityManagerFactoryBean - Closing JPA EntityManagerFactory for persistence unit 'default'
2026-08-11 18:50:43 INFO  [SpringApplicationShutdownHook] com.zaxxer.hikari.HikariDataSource - HikariPool-1 - Shutdown initiated...
2026-08-11 18:50:43 INFO  [SpringApplicationShutdownHook] com.zaxxer.hikari.HikariDataSource - HikariPool-1 - Shutdown completed.
2026-08-11 18:50:45 INFO  [restartedMain] c.d.backend.BackendApplication - Starting BackendApplication using Java 24.0.1 with PID 39824 (D:\DevAI-Hub\backend\target\classes started by Aadesh kumar in D:\DevAI-Hub\backend)
2026-08-11 18:50:45 DEBUG [restartedMain] c.d.backend.BackendApplication - Running with Spring Boot v3.5.6, Spring v6.2.11
2026-08-11 18:50:45 INFO  [restartedMain] c.d.backend.BackendApplication - The following 1 profile is active: "dev"
2026-08-11 18:50:45 INFO  [restartedMain] o.s.b.d.e.DevToolsPropertyDefaultsPostProcessor - Devtools property defaults active! Set 'spring.devtools.add-properties' to 'false' to disable
2026-08-11 18:50:45 INFO  [restartedMain] o.s.b.d.e.DevToolsPropertyDefaultsPostProcessor - For additional web related logging consider setting the 'logging.level.web' property to 'DEBUG'
2026-08-11 18:50:46 INFO  [restartedMain] o.s.d.r.c.RepositoryConfigurationDelegate - Bootstrapping Spring Data JPA repositories in DEFAULT mode.
2026-08-11 18:50:47 INFO  [restartedMain] o.s.d.r.c.RepositoryConfigurationDelegate - Finished Spring Data repository scanning in 82 ms. Found 9 JPA repository interfaces.
2026-08-11 18:50:47 INFO  [restartedMain] o.s.b.w.e.tomcat.TomcatWebServer - Tomcat initialized with port 8081 (http)
2026-08-11 18:50:47 INFO  [restartedMain] o.a.catalina.core.StandardService - Starting service [Tomcat]
2026-08-11 18:50:47 INFO  [restartedMain] o.a.catalina.core.StandardEngine - Starting Servlet engine: [Apache Tomcat/10.1.46]
2026-08-11 18:50:47 INFO  [restartedMain] o.a.c.c.C.[Tomcat].[localhost].[/] - Initializing Spring embedded WebApplicationContext
2026-08-11 18:50:47 INFO  [restartedMain] o.s.b.w.s.c.ServletWebServerApplicationContext - Root WebApplicationContext: initialization completed in 1917 ms
2026-08-11 18:50:47 INFO  [restartedMain] o.h.jpa.internal.util.LogHelper - HHH000204: Processing PersistenceUnitInfo [name: default]
2026-08-11 18:50:47 INFO  [restartedMain] org.hibernate.Version - HHH000412: Hibernate ORM core version 6.6.29.Final
2026-08-11 18:50:48 INFO  [restartedMain] o.h.c.i.RegionFactoryInitiator - HHH000026: Second-level cache disabled
2026-08-11 18:50:48 INFO  [restartedMain] o.s.o.j.p.SpringPersistenceUnitInfo - No LoadTimeWeaver setup: ignoring JPA class transformer
2026-08-11 18:50:48 INFO  [restartedMain] com.zaxxer.hikari.HikariDataSource - HikariPool-1 - Starting...
2026-08-11 18:50:48 INFO  [restartedMain] com.zaxxer.hikari.pool.HikariPool - HikariPool-1 - Added connection org.postgresql.jdbc.PgConnection@24ae7489
2026-08-11 18:50:48 INFO  [restartedMain] com.zaxxer.hikari.HikariDataSource - HikariPool-1 - Start completed.
2026-08-11 18:50:48 WARN  [restartedMain] org.hibernate.orm.deprecation - HHH90000025: PostgreSQLDialect does not need to be specified explicitly using 'hibernate.dialect' (remove the property setting and it will be selected by default)
2026-08-11 18:50:48 INFO  [restartedMain] o.hibernate.orm.connections.pooling - HHH10001005: Database info:
	Database JDBC URL [Connecting through datasource 'HikariDataSource (HikariPool-1)']
	Database driver: undefined/unknown
	Database version: 16.14
	Autocommit mode: undefined/unknown
	Isolation level: undefined/unknown
	Minimum pool size: undefined/unknown
	Maximum pool size: undefined/unknown
2026-08-11 18:50:49 INFO  [restartedMain] o.h.e.t.j.p.i.JtaPlatformInitiator - HHH000489: No JTA platform available (set 'hibernate.transaction.jta.platform' to enable JTA platform integration)
2026-08-11 18:50:50 INFO  [restartedMain] o.s.o.j.LocalContainerEntityManagerFactoryBean - Initialized JPA EntityManagerFactory for persistence unit 'default'
2026-08-11 18:50:50 DEBUG [restartedMain] c.d.b.s.JwtAuthenticationFilter - Filter 'jwtAuthenticationFilter' configured for use
2026-08-11 18:50:50 INFO  [restartedMain] o.s.d.j.r.query.QueryEnhancerFactory - Hibernate is in classpath; If applicable, HQL parser will be used.
2026-08-11 18:50:51 INFO  [restartedMain] o.s.s.c.a.a.c.InitializeAuthenticationProviderBeanManagerConfigurer$InitializeAuthenticationProviderManagerConfigurer - Global AuthenticationManager configured with AuthenticationProvider bean with name authenticationProvider
2026-08-11 18:50:51 WARN  [restartedMain] o.s.s.c.a.a.c.InitializeUserDetailsBeanManagerConfigurer$InitializeUserDetailsManagerConfigurer - Global AuthenticationManager configured with an AuthenticationProvider bean. UserDetailsService beans will not be used by Spring Security for automatically configuring username/password login. Consider removing the AuthenticationProvider bean. Alternatively, consider using the UserDetailsService in a manually instantiated DaoAuthenticationProvider. If the current configuration is intentional, to turn off this warning, increase the logging level of 'org.springframework.security.config.annotation.authentication.configuration.InitializeUserDetailsBeanManagerConfigurer' to ERROR
2026-08-11 18:50:51 INFO  [restartedMain] o.s.b.a.e.web.EndpointLinksResolver - Exposing 2 endpoints beneath base path '/actuator'
2026-08-11 18:50:51 DEBUG [restartedMain] o.s.s.web.DefaultSecurityFilterChain - Will secure any request with filters: DisableEncodeUrlFilter, WebAsyncManagerIntegrationFilter, SecurityContextHolderFilter, HeaderWriterFilter, CorsFilter, LogoutFilter, JwtAuthenticationFilter, RequestCacheAwareFilter, SecurityContextHolderAwareRequestFilter, AnonymousAuthenticationFilter, SessionManagementFilter, ExceptionTranslationFilter, AuthorizationFilter
2026-08-11 18:50:52 INFO  [restartedMain] o.s.b.d.a.OptionalLiveReloadServer - LiveReload server is running on port 35729
2026-08-11 18:50:52 INFO  [restartedMain] o.s.m.s.b.SimpleBrokerMessageHandler - Starting...
2026-08-11 18:50:52 INFO  [restartedMain] o.s.m.s.b.SimpleBrokerMessageHandler - BrokerAvailabilityEvent[available=true, SimpleBrokerMessageHandler [org.springframework.messaging.simp.broker.DefaultSubscriptionRegistry@2e9addd5]]
2026-08-11 18:50:52 INFO  [restartedMain] o.s.m.s.b.SimpleBrokerMessageHandler - Started.
2026-08-11 18:50:52 INFO  [restartedMain] o.s.b.w.e.tomcat.TomcatWebServer - Tomcat started on port 8081 (http) with context path '/'
2026-08-11 18:50:52 INFO  [restartedMain] c.d.backend.BackendApplication - Started BackendApplication in 7.117 seconds (process running for 7.729)
2026-08-11 18:51:02 INFO  [http-nio-8081-exec-1] o.a.c.c.C.[Tomcat].[localhost].[/] - Initializing Spring DispatcherServlet 'dispatcherServlet'
2026-08-11 18:51:02 INFO  [http-nio-8081-exec-1] o.s.web.servlet.DispatcherServlet - Initializing Servlet 'dispatcherServlet'
2026-08-11 18:51:02 INFO  [http-nio-8081-exec-1] o.s.web.servlet.DispatcherServlet - Completed initialization in 0 ms
2026-08-11 18:51:02 DEBUG [http-nio-8081-exec-1] o.s.security.web.FilterChainProxy - Securing GET /swagger-ui/index.html
2026-08-11 18:51:02 DEBUG [http-nio-8081-exec-1] o.s.s.w.a.AnonymousAuthenticationFilter - Set SecurityContextHolder to anonymous SecurityContext
2026-08-11 18:51:02 DEBUG [http-nio-8081-exec-1] o.s.security.web.FilterChainProxy - Secured GET /swagger-ui/index.html
2026-08-11 18:51:02 DEBUG [http-nio-8081-exec-2] o.s.security.web.FilterChainProxy - Securing GET /swagger-ui/swagger-ui.css
2026-08-11 18:51:02 DEBUG [http-nio-8081-exec-8] o.s.security.web.FilterChainProxy - Securing GET /swagger-ui/index.css
2026-08-11 18:51:02 DEBUG [http-nio-8081-exec-2] o.s.s.w.a.AnonymousAuthenticationFilter - Set SecurityContextHolder to anonymous SecurityContext
2026-08-11 18:51:02 DEBUG [http-nio-8081-exec-8] o.s.s.w.a.AnonymousAuthenticationFilter - Set SecurityContextHolder to anonymous SecurityContext
2026-08-11 18:51:02 DEBUG [http-nio-8081-exec-5] o.s.security.web.FilterChainProxy - Securing GET /swagger-ui/swagger-ui-standalone-preset.js
2026-08-11 18:51:02 DEBUG [http-nio-8081-exec-2] o.s.security.web.FilterChainProxy - Secured GET /swagger-ui/swagger-ui.css
2026-08-11 18:51:02 DEBUG [http-nio-8081-exec-8] o.s.security.web.FilterChainProxy - Secured GET /swagger-ui/index.css
2026-08-11 18:51:02 DEBUG [http-nio-8081-exec-6] o.s.security.web.FilterChainProxy - Securing GET /swagger-ui/swagger-initializer.js
2026-08-11 18:51:02 DEBUG [http-nio-8081-exec-5] o.s.s.w.a.AnonymousAuthenticationFilter - Set SecurityContextHolder to anonymous SecurityContext
2026-08-11 18:51:02 DEBUG [http-nio-8081-exec-4] o.s.security.web.FilterChainProxy - Securing GET /swagger-ui/swagger-ui-bundle.js
2026-08-11 18:51:02 DEBUG [http-nio-8081-exec-6] o.s.s.w.a.AnonymousAuthenticationFilter - Set SecurityContextHolder to anonymous SecurityContext
2026-08-11 18:51:02 DEBUG [http-nio-8081-exec-5] o.s.security.web.FilterChainProxy - Secured GET /swagger-ui/swagger-ui-standalone-preset.js
2026-08-11 18:51:02 DEBUG [http-nio-8081-exec-4] o.s.s.w.a.AnonymousAuthenticationFilter - Set SecurityContextHolder to anonymous SecurityContext
2026-08-11 18:51:02 DEBUG [http-nio-8081-exec-6] o.s.security.web.FilterChainProxy - Secured GET /swagger-ui/swagger-initializer.js
2026-08-11 18:51:02 DEBUG [http-nio-8081-exec-4] o.s.security.web.FilterChainProxy - Secured GET /swagger-ui/swagger-ui-bundle.js
2026-08-11 18:51:02 DEBUG [http-nio-8081-exec-3] o.s.security.web.FilterChainProxy - Securing GET /swagger-ui/favicon-32x32.png
2026-08-11 18:51:02 DEBUG [http-nio-8081-exec-3] o.s.s.w.a.AnonymousAuthenticationFilter - Set SecurityContextHolder to anonymous SecurityContext
2026-08-11 18:51:02 DEBUG [http-nio-8081-exec-7] o.s.security.web.FilterChainProxy - Securing GET /v3/api-docs/swagger-config
2026-08-11 18:51:02 DEBUG [http-nio-8081-exec-3] o.s.security.web.FilterChainProxy - Secured GET /swagger-ui/favicon-32x32.png
2026-08-11 18:51:02 DEBUG [http-nio-8081-exec-7] o.s.s.w.a.AnonymousAuthenticationFilter - Set SecurityContextHolder to anonymous SecurityContext
2026-08-11 18:51:02 DEBUG [http-nio-8081-exec-7] o.s.security.web.FilterChainProxy - Secured GET /v3/api-docs/swagger-config
2026-08-11 18:51:03 DEBUG [http-nio-8081-exec-9] o.s.security.web.FilterChainProxy - Securing GET /v3/api-docs
2026-08-11 18:51:03 DEBUG [http-nio-8081-exec-9] o.s.s.w.a.AnonymousAuthenticationFilter - Set SecurityContextHolder to anonymous SecurityContext
2026-08-11 18:51:03 DEBUG [http-nio-8081-exec-9] o.s.security.web.FilterChainProxy - Secured GET /v3/api-docs
2026-08-11 18:51:04 INFO  [http-nio-8081-exec-9] o.s.api.AbstractOpenApiResource - Init duration for springdoc-openapi is: 1659 ms
2026-08-11 18:51:52 INFO  [MessageBroker-1] o.s.w.s.c.WebSocketMessageBrokerStats - WebSocketSession[0 current WS(0)-HttpStream(0)-HttpPoll(0), 0 total, 0 closed abnormally (0 connect failure, 0 send limit, 0 transport error)], stompSubProtocol[processed CONNECT(0)-CONNECTED(0)-DISCONNECT(0)], stompBrokerRelay[null], inboundChannel[pool size = 0, active threads = 0, queued tasks = 0, completed tasks = 0], outboundChannel[pool size = 0, active threads = 0, queued tasks = 0, completed tasks = 0], sockJsScheduler[pool size = 1, active threads = 1, queued tasks = 0, completed tasks = 0]
2026-08-11 18:53:33 INFO  [SpringApplicationShutdownHook] o.s.b.w.e.tomcat.GracefulShutdown - Commencing graceful shutdown. Waiting for active requests to complete
2026-08-11 18:53:33 INFO  [tomcat-shutdown] o.s.b.w.e.tomcat.GracefulShutdown - Graceful shutdown complete
2026-08-11 18:53:33 INFO  [SpringApplicationShutdownHook] o.s.m.s.b.SimpleBrokerMessageHandler - Stopping...
2026-08-11 18:53:33 INFO  [SpringApplicationShutdownHook] o.s.m.s.b.SimpleBrokerMessageHandler - BrokerAvailabilityEvent[available=false, SimpleBrokerMessageHandler [org.springframework.messaging.simp.broker.DefaultSubscriptionRegistry@2e9addd5]]
2026-08-11 18:53:33 INFO  [SpringApplicationShutdownHook] o.s.m.s.b.SimpleBrokerMessageHandler - Stopped.
2026-08-11 18:53:33 INFO  [SpringApplicationShutdownHook] o.s.o.j.LocalContainerEntityManagerFactoryBean - Closing JPA EntityManagerFactory for persistence unit 'default'
2026-08-11 18:53:33 INFO  [SpringApplicationShutdownHook] com.zaxxer.hikari.HikariDataSource - HikariPool-1 - Shutdown initiated...
2026-08-11 18:53:33 INFO  [SpringApplicationShutdownHook] com.zaxxer.hikari.HikariDataSource - HikariPool-1 - Shutdown completed.
2026-08-11 18:53:39 INFO  [restartedMain] c.d.backend.BackendApplication - Starting BackendApplication using Java 24.0.1 with PID 28348 (D:\DevAI-Hub\backend\target\classes started by Aadesh kumar in D:\DevAI-Hub\backend)
2026-08-11 18:53:39 DEBUG [restartedMain] c.d.backend.BackendApplication - Running with Spring Boot v3.5.6, Spring v6.2.11
2026-08-11 18:53:39 INFO  [restartedMain] c.d.backend.BackendApplication - The following 1 profile is active: "dev"
2026-08-11 18:53:39 INFO  [restartedMain] o.s.b.d.e.DevToolsPropertyDefaultsPostProcessor - Devtools property defaults active! Set 'spring.devtools.add-properties' to 'false' to disable
2026-08-11 18:53:39 INFO  [restartedMain] o.s.b.d.e.DevToolsPropertyDefaultsPostProcessor - For additional web related logging consider setting the 'logging.level.web' property to 'DEBUG'
2026-08-11 18:53:40 INFO  [restartedMain] o.s.d.r.c.RepositoryConfigurationDelegate - Bootstrapping Spring Data JPA repositories in DEFAULT mode.
2026-08-11 18:53:40 INFO  [restartedMain] o.s.d.r.c.RepositoryConfigurationDelegate - Finished Spring Data repository scanning in 85 ms. Found 9 JPA repository interfaces.
2026-08-11 18:53:41 INFO  [restartedMain] o.s.b.w.e.tomcat.TomcatWebServer - Tomcat initialized with port 8081 (http)
2026-08-11 18:53:41 INFO  [restartedMain] o.a.catalina.core.StandardService - Starting service [Tomcat]
2026-08-11 18:53:41 INFO  [restartedMain] o.a.catalina.core.StandardEngine - Starting Servlet engine: [Apache Tomcat/10.1.46]
2026-08-11 18:53:41 INFO  [restartedMain] o.a.c.c.C.[Tomcat].[localhost].[/] - Initializing Spring embedded WebApplicationContext
2026-08-11 18:53:41 INFO  [restartedMain] o.s.b.w.s.c.ServletWebServerApplicationContext - Root WebApplicationContext: initialization completed in 1946 ms
2026-08-11 18:53:41 INFO  [restartedMain] o.h.jpa.internal.util.LogHelper - HHH000204: Processing PersistenceUnitInfo [name: default]
2026-08-11 18:53:41 INFO  [restartedMain] org.hibernate.Version - HHH000412: Hibernate ORM core version 6.6.29.Final
2026-08-11 18:53:42 INFO  [restartedMain] o.h.c.i.RegionFactoryInitiator - HHH000026: Second-level cache disabled
2026-08-11 18:53:42 INFO  [restartedMain] o.s.o.j.p.SpringPersistenceUnitInfo - No LoadTimeWeaver setup: ignoring JPA class transformer
2026-08-11 18:53:42 INFO  [restartedMain] com.zaxxer.hikari.HikariDataSource - HikariPool-1 - Starting...
2026-08-11 18:53:42 INFO  [restartedMain] com.zaxxer.hikari.pool.HikariPool - HikariPool-1 - Added connection org.postgresql.jdbc.PgConnection@3cbe9304
2026-08-11 18:53:42 INFO  [restartedMain] com.zaxxer.hikari.HikariDataSource - HikariPool-1 - Start completed.
2026-08-11 18:53:42 WARN  [restartedMain] org.hibernate.orm.deprecation - HHH90000025: PostgreSQLDialect does not need to be specified explicitly using 'hibernate.dialect' (remove the property setting and it will be selected by default)
2026-08-11 18:53:42 INFO  [restartedMain] o.hibernate.orm.connections.pooling - HHH10001005: Database info:
	Database JDBC URL [Connecting through datasource 'HikariDataSource (HikariPool-1)']
	Database driver: undefined/unknown
	Database version: 16.14
	Autocommit mode: undefined/unknown
	Isolation level: undefined/unknown
	Minimum pool size: undefined/unknown
	Maximum pool size: undefined/unknown
2026-08-11 18:53:43 INFO  [restartedMain] o.h.e.t.j.p.i.JtaPlatformInitiator - HHH000489: No JTA platform available (set 'hibernate.transaction.jta.platform' to enable JTA platform integration)
2026-08-11 18:53:44 INFO  [restartedMain] o.s.o.j.LocalContainerEntityManagerFactoryBean - Initialized JPA EntityManagerFactory for persistence unit 'default'
2026-08-11 18:53:44 DEBUG [restartedMain] c.d.b.s.JwtAuthenticationFilter - Filter 'jwtAuthenticationFilter' configured for use
2026-08-11 18:53:44 INFO  [restartedMain] o.s.d.j.r.query.QueryEnhancerFactory - Hibernate is in classpath; If applicable, HQL parser will be used.
2026-08-11 18:53:45 INFO  [restartedMain] o.s.s.c.a.a.c.InitializeAuthenticationProviderBeanManagerConfigurer$InitializeAuthenticationProviderManagerConfigurer - Global AuthenticationManager configured with AuthenticationProvider bean with name authenticationProvider
2026-08-11 18:53:45 WARN  [restartedMain] o.s.s.c.a.a.c.InitializeUserDetailsBeanManagerConfigurer$InitializeUserDetailsManagerConfigurer - Global AuthenticationManager configured with an AuthenticationProvider bean. UserDetailsService beans will not be used by Spring Security for automatically configuring username/password login. Consider removing the AuthenticationProvider bean. Alternatively, consider using the UserDetailsService in a manually instantiated DaoAuthenticationProvider. If the current configuration is intentional, to turn off this warning, increase the logging level of 'org.springframework.security.config.annotation.authentication.configuration.InitializeUserDetailsBeanManagerConfigurer' to ERROR
2026-08-11 18:53:45 INFO  [restartedMain] o.s.b.a.e.web.EndpointLinksResolver - Exposing 2 endpoints beneath base path '/actuator'
2026-08-11 18:53:45 DEBUG [restartedMain] o.s.s.web.DefaultSecurityFilterChain - Will secure any request with filters: DisableEncodeUrlFilter, WebAsyncManagerIntegrationFilter, SecurityContextHolderFilter, HeaderWriterFilter, CorsFilter, LogoutFilter, JwtAuthenticationFilter, RequestCacheAwareFilter, SecurityContextHolderAwareRequestFilter, AnonymousAuthenticationFilter, SessionManagementFilter, ExceptionTranslationFilter, AuthorizationFilter
2026-08-11 18:53:46 INFO  [restartedMain] o.s.b.d.a.OptionalLiveReloadServer - LiveReload server is running on port 35729
2026-08-11 18:53:46 INFO  [restartedMain] o.s.m.s.b.SimpleBrokerMessageHandler - Starting...
2026-08-11 18:53:46 INFO  [restartedMain] o.s.m.s.b.SimpleBrokerMessageHandler - BrokerAvailabilityEvent[available=true, SimpleBrokerMessageHandler [org.springframework.messaging.simp.broker.DefaultSubscriptionRegistry@d4ac63e]]
2026-08-11 18:53:46 INFO  [restartedMain] o.s.m.s.b.SimpleBrokerMessageHandler - Started.
2026-08-11 18:53:46 INFO  [restartedMain] o.s.b.w.e.tomcat.TomcatWebServer - Tomcat started on port 8081 (http) with context path '/'
2026-08-11 18:53:46 INFO  [restartedMain] c.d.backend.BackendApplication - Started BackendApplication in 7.184 seconds (process running for 7.704)
2026-08-11 18:54:46 INFO  [MessageBroker-1] o.s.w.s.c.WebSocketMessageBrokerStats - WebSocketSession[0 current WS(0)-HttpStream(0)-HttpPoll(0), 0 total, 0 closed abnormally (0 connect failure, 0 send limit, 0 transport error)], stompSubProtocol[processed CONNECT(0)-CONNECTED(0)-DISCONNECT(0)], stompBrokerRelay[null], inboundChannel[pool size = 0, active threads = 0, queued tasks = 0, completed tasks = 0], outboundChannel[pool size = 0, active threads = 0, queued tasks = 0, completed tasks = 0], sockJsScheduler[pool size = 1, active threads = 1, queued tasks = 0, completed tasks = 0]
2026-08-11 19:07:40 INFO  [http-nio-8081-exec-3] o.a.c.c.C.[Tomcat].[localhost].[/] - Initializing Spring DispatcherServlet 'dispatcherServlet'
2026-08-11 19:07:40 INFO  [http-nio-8081-exec-3] o.s.web.servlet.DispatcherServlet - Initializing Servlet 'dispatcherServlet'
2026-08-11 19:07:40 INFO  [http-nio-8081-exec-3] o.s.web.servlet.DispatcherServlet - Completed initialization in 0 ms
2026-08-11 19:07:40 DEBUG [http-nio-8081-exec-1] o.s.security.web.FilterChainProxy - Securing OPTIONS /api/v1/projects
2026-08-11 19:07:40 DEBUG [http-nio-8081-exec-3] o.s.security.web.FilterChainProxy - Securing OPTIONS /api/v1/projects
2026-08-11 19:07:40 DEBUG [http-nio-8081-exec-5] o.s.security.web.FilterChainProxy - Securing GET /api/v1/projects
2026-08-11 19:07:41 DEBUG [http-nio-8081-exec-5] o.s.security.web.FilterChainProxy - Secured GET /api/v1/projects
2026-08-11 19:07:41 DEBUG [http-nio-8081-exec-4] o.s.security.web.FilterChainProxy - Securing GET /api/v1/projects
2026-08-11 19:07:41 DEBUG [http-nio-8081-exec-4] o.s.security.web.FilterChainProxy - Secured GET /api/v1/projects
2026-08-11 19:07:44 DEBUG [http-nio-8081-exec-6] o.s.security.web.FilterChainProxy - Securing OPTIONS /api/v1/projects/2
2026-08-11 19:07:44 DEBUG [http-nio-8081-exec-2] o.s.security.web.FilterChainProxy - Securing OPTIONS /api/v1/projects/2
2026-08-11 19:07:44 DEBUG [http-nio-8081-exec-7] o.s.security.web.FilterChainProxy - Securing GET /api/v1/projects/2
2026-08-11 19:07:44 DEBUG [http-nio-8081-exec-7] o.s.security.web.FilterChainProxy - Secured GET /api/v1/projects/2
2026-08-11 19:07:44 DEBUG [http-nio-8081-exec-9] o.s.security.web.FilterChainProxy - Securing GET /api/v1/projects/2
2026-08-11 19:07:44 DEBUG [http-nio-8081-exec-8] o.s.security.web.FilterChainProxy - Securing OPTIONS /api/v1/projects/2/members
2026-08-11 19:07:44 DEBUG [http-nio-8081-exec-9] o.s.security.web.FilterChainProxy - Secured GET /api/v1/projects/2
2026-08-11 19:07:44 DEBUG [http-nio-8081-exec-10] o.s.security.web.FilterChainProxy - Securing GET /api/v1/projects/2/members
2026-08-11 19:07:44 DEBUG [http-nio-8081-exec-10] o.s.security.web.FilterChainProxy - Secured GET /api/v1/projects/2/members
2026-08-11 19:07:44 DEBUG [http-nio-8081-exec-3] o.s.security.web.FilterChainProxy - Securing GET /api/v1/projects/2/members
2026-08-11 19:07:44 DEBUG [http-nio-8081-exec-1] o.s.security.web.FilterChainProxy - Securing OPTIONS /api/v1/projects/2/tasks
2026-08-11 19:07:44 DEBUG [http-nio-8081-exec-5] o.s.security.web.FilterChainProxy - Securing GET /api/v1/projects/2/tasks
2026-08-11 19:07:44 DEBUG [http-nio-8081-exec-3] o.s.security.web.FilterChainProxy - Secured GET /api/v1/projects/2/members
2026-08-11 19:07:44 DEBUG [http-nio-8081-exec-5] o.s.security.web.FilterChainProxy - Secured GET /api/v1/projects/2/tasks
2026-08-11 19:07:44 DEBUG [http-nio-8081-exec-4] o.s.security.web.FilterChainProxy - Securing GET /api/v1/projects/2/tasks
2026-08-11 19:07:44 DEBUG [http-nio-8081-exec-6] o.s.security.web.FilterChainProxy - Securing OPTIONS /api/v1/tasks/1/comments
2026-08-11 19:07:44 DEBUG [http-nio-8081-exec-2] o.s.security.web.FilterChainProxy - Securing OPTIONS /api/v1/tasks/1/attachments
2026-08-11 19:07:44 DEBUG [http-nio-8081-exec-4] o.s.security.web.FilterChainProxy - Secured GET /api/v1/projects/2/tasks
2026-08-11 19:07:44 DEBUG [http-nio-8081-exec-8] o.s.security.web.FilterChainProxy - Securing GET /api/v1/tasks/1/attachments
2026-08-11 19:07:44 DEBUG [http-nio-8081-exec-7] o.s.security.web.FilterChainProxy - Securing GET /api/v1/tasks/1/comments
2026-08-11 19:07:44 DEBUG [http-nio-8081-exec-8] o.s.security.web.FilterChainProxy - Secured GET /api/v1/tasks/1/attachments
2026-08-11 19:07:44 DEBUG [http-nio-8081-exec-7] o.s.security.web.FilterChainProxy - Secured GET /api/v1/tasks/1/comments
2026-08-11 19:07:44 DEBUG [http-nio-8081-exec-7] o.s.security.web.FilterChainProxy - Securing GET /api/v1/tasks/1/attachments
2026-08-11 19:07:44 DEBUG [http-nio-8081-exec-10] o.s.security.web.FilterChainProxy - Securing GET /api/v1/tasks/1/comments
2026-08-11 19:07:44 DEBUG [http-nio-8081-exec-7] o.s.security.web.FilterChainProxy - Secured GET /api/v1/tasks/1/attachments
2026-08-11 19:07:44 DEBUG [http-nio-8081-exec-10] o.s.security.web.FilterChainProxy - Secured GET /api/v1/tasks/1/comments
2026-08-11 19:08:00 DEBUG [http-nio-8081-exec-1] o.s.security.web.FilterChainProxy - Securing GET /swagger-ui/index.html
2026-08-11 19:08:00 DEBUG [http-nio-8081-exec-1] o.s.s.w.a.AnonymousAuthenticationFilter - Set SecurityContextHolder to anonymous SecurityContext
2026-08-11 19:08:00 DEBUG [http-nio-8081-exec-1] o.s.security.web.FilterChainProxy - Secured GET /swagger-ui/index.html
2026-08-11 19:08:00 DEBUG [http-nio-8081-exec-3] o.s.security.web.FilterChainProxy - Securing GET /swagger-ui/swagger-ui.css
2026-08-11 19:08:00 DEBUG [http-nio-8081-exec-5] o.s.security.web.FilterChainProxy - Securing GET /swagger-ui/index.css
2026-08-11 19:08:00 DEBUG [http-nio-8081-exec-3] o.s.s.w.a.AnonymousAuthenticationFilter - Set SecurityContextHolder to anonymous SecurityContext
2026-08-11 19:08:00 DEBUG [http-nio-8081-exec-6] o.s.security.web.FilterChainProxy - Securing GET /swagger-ui/swagger-ui-bundle.js
2026-08-11 19:08:00 DEBUG [http-nio-8081-exec-5] o.s.s.w.a.AnonymousAuthenticationFilter - Set SecurityContextHolder to anonymous SecurityContext
2026-08-11 19:08:00 DEBUG [http-nio-8081-exec-6] o.s.s.w.a.AnonymousAuthenticationFilter - Set SecurityContextHolder to anonymous SecurityContext
2026-08-11 19:08:00 DEBUG [http-nio-8081-exec-3] o.s.security.web.FilterChainProxy - Secured GET /swagger-ui/swagger-ui.css
2026-08-11 19:08:00 DEBUG [http-nio-8081-exec-6] o.s.security.web.FilterChainProxy - Secured GET /swagger-ui/swagger-ui-bundle.js
2026-08-11 19:08:00 DEBUG [http-nio-8081-exec-5] o.s.security.web.FilterChainProxy - Secured GET /swagger-ui/index.css
2026-08-11 19:08:00 DEBUG [http-nio-8081-exec-2] o.s.security.web.FilterChainProxy - Securing GET /swagger-ui/swagger-ui-standalone-preset.js
2026-08-11 19:08:00 DEBUG [http-nio-8081-exec-4] o.s.security.web.FilterChainProxy - Securing GET /swagger-ui/swagger-initializer.js
2026-08-11 19:08:00 DEBUG [http-nio-8081-exec-2] o.s.s.w.a.AnonymousAuthenticationFilter - Set SecurityContextHolder to anonymous SecurityContext
2026-08-11 19:08:00 DEBUG [http-nio-8081-exec-2] o.s.security.web.FilterChainProxy - Secured GET /swagger-ui/swagger-ui-standalone-preset.js
2026-08-11 19:08:00 DEBUG [http-nio-8081-exec-4] o.s.s.w.a.AnonymousAuthenticationFilter - Set SecurityContextHolder to anonymous SecurityContext
2026-08-11 19:08:00 DEBUG [http-nio-8081-exec-4] o.s.security.web.FilterChainProxy - Secured GET /swagger-ui/swagger-initializer.js
2026-08-11 19:08:00 DEBUG [http-nio-8081-exec-9] o.s.security.web.FilterChainProxy - Securing GET /v3/api-docs/swagger-config
2026-08-11 19:08:00 DEBUG [http-nio-8081-exec-8] o.s.security.web.FilterChainProxy - Securing GET /swagger-ui/favicon-32x32.png
2026-08-11 19:08:00 DEBUG [http-nio-8081-exec-9] o.s.s.w.a.AnonymousAuthenticationFilter - Set SecurityContextHolder to anonymous SecurityContext
2026-08-11 19:08:00 DEBUG [http-nio-8081-exec-8] o.s.s.w.a.AnonymousAuthenticationFilter - Set SecurityContextHolder to anonymous SecurityContext
2026-08-11 19:08:00 DEBUG [http-nio-8081-exec-9] o.s.security.web.FilterChainProxy - Secured GET /v3/api-docs/swagger-config
2026-08-11 19:08:00 DEBUG [http-nio-8081-exec-8] o.s.security.web.FilterChainProxy - Secured GET /swagger-ui/favicon-32x32.png
2026-08-11 19:08:00 DEBUG [http-nio-8081-exec-7] o.s.security.web.FilterChainProxy - Securing GET /v3/api-docs
2026-08-11 19:08:00 DEBUG [http-nio-8081-exec-7] o.s.s.w.a.AnonymousAuthenticationFilter - Set SecurityContextHolder to anonymous SecurityContext
2026-08-11 19:08:00 DEBUG [http-nio-8081-exec-7] o.s.security.web.FilterChainProxy - Secured GET /v3/api-docs
2026-08-11 19:08:01 INFO  [http-nio-8081-exec-7] o.s.api.AbstractOpenApiResource - Init duration for springdoc-openapi is: 1292 ms
2026-08-11 19:08:15 DEBUG [http-nio-8081-exec-10] o.s.security.web.FilterChainProxy - Securing GET /swagger-ui/index.html
2026-08-11 19:08:15 DEBUG [http-nio-8081-exec-10] o.s.s.w.a.AnonymousAuthenticationFilter - Set SecurityContextHolder to anonymous SecurityContext
2026-08-11 19:08:15 DEBUG [http-nio-8081-exec-10] o.s.security.web.FilterChainProxy - Secured GET /swagger-ui/index.html
2026-08-11 19:08:15 DEBUG [http-nio-8081-exec-1] o.s.security.web.FilterChainProxy - Securing GET /swagger-ui/swagger-ui.css
2026-08-11 19:08:15 DEBUG [http-nio-8081-exec-1] o.s.s.w.a.AnonymousAuthenticationFilter - Set SecurityContextHolder to anonymous SecurityContext
2026-08-11 19:08:15 DEBUG [http-nio-8081-exec-1] o.s.security.web.FilterChainProxy - Secured GET /swagger-ui/swagger-ui.css
2026-08-11 19:08:15 DEBUG [http-nio-8081-exec-2] o.s.security.web.FilterChainProxy - Securing GET /swagger-ui/swagger-ui-bundle.js
2026-08-11 19:08:15 DEBUG [http-nio-8081-exec-3] o.s.security.web.FilterChainProxy - Securing GET /swagger-ui/swagger-ui-standalone-preset.js
2026-08-11 19:08:15 DEBUG [http-nio-8081-exec-4] o.s.security.web.FilterChainProxy - Securing GET /swagger-ui/swagger-initializer.js
2026-08-11 19:08:15 DEBUG [http-nio-8081-exec-5] o.s.security.web.FilterChainProxy - Securing GET /swagger-ui/index.css
2026-08-11 19:08:15 DEBUG [http-nio-8081-exec-2] o.s.s.w.a.AnonymousAuthenticationFilter - Set SecurityContextHolder to anonymous SecurityContext
2026-08-11 19:08:15 DEBUG [http-nio-8081-exec-3] o.s.s.w.a.AnonymousAuthenticationFilter - Set SecurityContextHolder to anonymous SecurityContext
2026-08-11 19:08:15 DEBUG [http-nio-8081-exec-4] o.s.s.w.a.AnonymousAuthenticationFilter - Set SecurityContextHolder to anonymous SecurityContext
2026-08-11 19:08:15 DEBUG [http-nio-8081-exec-5] o.s.s.w.a.AnonymousAuthenticationFilter - Set SecurityContextHolder to anonymous SecurityContext
2026-08-11 19:08:15 DEBUG [http-nio-8081-exec-2] o.s.security.web.FilterChainProxy - Secured GET /swagger-ui/swagger-ui-bundle.js
2026-08-11 19:08:15 DEBUG [http-nio-8081-exec-3] o.s.security.web.FilterChainProxy - Secured GET /swagger-ui/swagger-ui-standalone-preset.js
2026-08-11 19:08:15 DEBUG [http-nio-8081-exec-5] o.s.security.web.FilterChainProxy - Secured GET /swagger-ui/index.css
2026-08-11 19:08:15 DEBUG [http-nio-8081-exec-4] o.s.security.web.FilterChainProxy - Secured GET /swagger-ui/swagger-initializer.js
2026-08-11 19:08:15 DEBUG [http-nio-8081-exec-6] o.s.security.web.FilterChainProxy - Securing GET /v3/api-docs/swagger-config
2026-08-11 19:08:15 DEBUG [http-nio-8081-exec-8] o.s.security.web.FilterChainProxy - Securing GET /swagger-ui/favicon-32x32.png
2026-08-11 19:08:15 DEBUG [http-nio-8081-exec-6] o.s.s.w.a.AnonymousAuthenticationFilter - Set SecurityContextHolder to anonymous SecurityContext
2026-08-11 19:08:15 DEBUG [http-nio-8081-exec-8] o.s.s.w.a.AnonymousAuthenticationFilter - Set SecurityContextHolder to anonymous SecurityContext
2026-08-11 19:08:15 DEBUG [http-nio-8081-exec-8] o.s.security.web.FilterChainProxy - Secured GET /swagger-ui/favicon-32x32.png
2026-08-11 19:08:15 DEBUG [http-nio-8081-exec-6] o.s.security.web.FilterChainProxy - Secured GET /v3/api-docs/swagger-config
2026-08-11 19:08:15 DEBUG [http-nio-8081-exec-9] o.s.security.web.FilterChainProxy - Securing GET /v3/api-docs
2026-08-11 19:08:15 DEBUG [http-nio-8081-exec-9] o.s.s.w.a.AnonymousAuthenticationFilter - Set SecurityContextHolder to anonymous SecurityContext
2026-08-11 19:08:15 DEBUG [http-nio-8081-exec-9] o.s.security.web.FilterChainProxy - Secured GET /v3/api-docs
2026-08-11 19:08:15 DEBUG [http-nio-8081-exec-7] o.s.security.web.FilterChainProxy - Securing GET /swagger-ui/favicon-32x32.png
2026-08-11 19:08:15 DEBUG [http-nio-8081-exec-7] o.s.s.w.a.AnonymousAuthenticationFilter - Set SecurityContextHolder to anonymous SecurityContext
2026-08-11 19:08:15 DEBUG [http-nio-8081-exec-7] o.s.security.web.FilterChainProxy - Secured GET /swagger-ui/favicon-32x32.png
2026-08-11 19:12:36 DEBUG [http-nio-8081-exec-9] o.s.security.web.FilterChainProxy - Securing GET /swagger-ui/index.html
2026-08-11 19:12:36 DEBUG [http-nio-8081-exec-9] o.s.s.w.a.AnonymousAuthenticationFilter - Set SecurityContextHolder to anonymous SecurityContext
2026-08-11 19:12:36 DEBUG [http-nio-8081-exec-9] o.s.security.web.FilterChainProxy - Secured GET /swagger-ui/index.html
2026-08-11 19:12:36 DEBUG [http-nio-8081-exec-5] o.s.security.web.FilterChainProxy - Securing GET /swagger-ui/swagger-ui.css
2026-08-11 19:12:36 DEBUG [http-nio-8081-exec-5] o.s.s.w.a.AnonymousAuthenticationFilter - Set SecurityContextHolder to anonymous SecurityContext
2026-08-11 19:12:36 DEBUG [http-nio-8081-exec-5] o.s.security.web.FilterChainProxy - Secured GET /swagger-ui/swagger-ui.css
2026-08-11 19:12:36 DEBUG [http-nio-8081-exec-4] o.s.security.web.FilterChainProxy - Securing GET /swagger-ui/index.css
2026-08-11 19:12:36 DEBUG [http-nio-8081-exec-4] o.s.s.w.a.AnonymousAuthenticationFilter - Set SecurityContextHolder to anonymous SecurityContext
2026-08-11 19:12:36 DEBUG [http-nio-8081-exec-4] o.s.security.web.FilterChainProxy - Secured GET /swagger-ui/index.css
2026-08-11 19:12:36 DEBUG [http-nio-8081-exec-1] o.s.security.web.FilterChainProxy - Securing GET /swagger-ui/swagger-ui-bundle.js
2026-08-11 19:12:36 DEBUG [http-nio-8081-exec-1] o.s.s.w.a.AnonymousAuthenticationFilter - Set SecurityContextHolder to anonymous SecurityContext
2026-08-11 19:12:36 DEBUG [http-nio-8081-exec-10] o.s.security.web.FilterChainProxy - Securing GET /swagger-ui/swagger-ui-standalone-preset.js
2026-08-11 19:12:36 DEBUG [http-nio-8081-exec-1] o.s.security.web.FilterChainProxy - Secured GET /swagger-ui/swagger-ui-bundle.js
2026-08-11 19:12:36 DEBUG [http-nio-8081-exec-10] o.s.s.w.a.AnonymousAuthenticationFilter - Set SecurityContextHolder to anonymous SecurityContext
2026-08-11 19:12:36 DEBUG [http-nio-8081-exec-3] o.s.security.web.FilterChainProxy - Securing GET /swagger-ui/swagger-initializer.js
2026-08-11 19:12:36 DEBUG [http-nio-8081-exec-10] o.s.security.web.FilterChainProxy - Secured GET /swagger-ui/swagger-ui-standalone-preset.js
2026-08-11 19:12:36 DEBUG [http-nio-8081-exec-3] o.s.s.w.a.AnonymousAuthenticationFilter - Set SecurityContextHolder to anonymous SecurityContext
2026-08-11 19:12:36 DEBUG [http-nio-8081-exec-3] o.s.security.web.FilterChainProxy - Secured GET /swagger-ui/swagger-initializer.js
2026-08-11 19:12:36 DEBUG [http-nio-8081-exec-6] o.s.security.web.FilterChainProxy - Securing GET /v3/api-docs/swagger-config
2026-08-11 19:12:36 DEBUG [http-nio-8081-exec-6] o.s.s.w.a.AnonymousAuthenticationFilter - Set SecurityContextHolder to anonymous SecurityContext
2026-08-11 19:12:36 DEBUG [http-nio-8081-exec-6] o.s.security.web.FilterChainProxy - Secured GET /v3/api-docs/swagger-config
2026-08-11 19:12:36 DEBUG [http-nio-8081-exec-7] o.s.security.web.FilterChainProxy - Securing GET /v3/api-docs
2026-08-11 19:12:36 DEBUG [http-nio-8081-exec-7] o.s.s.w.a.AnonymousAuthenticationFilter - Set SecurityContextHolder to anonymous SecurityContext
2026-08-11 19:12:36 DEBUG [http-nio-8081-exec-7] o.s.security.web.FilterChainProxy - Secured GET /v3/api-docs
2026-08-11 19:44:07 DEBUG [http-nio-8081-exec-10] o.s.security.web.FilterChainProxy - Securing OPTIONS /api/v1/projects
2026-08-11 19:44:07 DEBUG [http-nio-8081-exec-1] o.s.security.web.FilterChainProxy - Securing GET /api/v1/projects
2026-08-11 19:44:07 DEBUG [http-nio-8081-exec-1] o.s.security.web.FilterChainProxy - Secured GET /api/v1/projects
2026-08-11 19:44:07 DEBUG [http-nio-8081-exec-6] o.s.security.web.FilterChainProxy - Securing GET /api/v1/projects
2026-08-11 19:44:07 DEBUG [http-nio-8081-exec-6] o.s.security.web.FilterChainProxy - Secured GET /api/v1/projects
2026-08-11 20:50:58 WARN  [HikariPool-1:housekeeper] com.zaxxer.hikari.pool.HikariPool - HikariPool-1 - Thread starvation or clock leap detected (housekeeper delta=1h30m15s411ms543µs400ns).
2026-08-11 20:51:06 DEBUG [http-nio-8081-exec-5] o.s.security.web.FilterChainProxy - Securing OPTIONS /api/v1/projects
2026-08-11 20:51:06 DEBUG [http-nio-8081-exec-2] o.s.security.web.FilterChainProxy - Securing OPTIONS /api/v1/projects
2026-08-11 20:51:06 DEBUG [http-nio-8081-exec-3] o.s.security.web.FilterChainProxy - Securing GET /api/v1/projects
2026-08-11 20:51:06 DEBUG [http-nio-8081-exec-3] o.s.security.web.FilterChainProxy - Secured GET /api/v1/projects
2026-08-11 20:51:06 DEBUG [http-nio-8081-exec-3] o.s.security.web.FilterChainProxy - Securing GET /api/v1/projects
2026-08-11 20:51:06 DEBUG [http-nio-8081-exec-3] o.s.security.web.FilterChainProxy - Secured GET /api/v1/projects
2026-08-11 20:54:39 INFO  [MessageBroker-1] o.s.w.s.c.WebSocketMessageBrokerStats - WebSocketSession[0 current WS(0)-HttpStream(0)-HttpPoll(0), 0 total, 0 closed abnormally (0 connect failure, 0 send limit, 0 transport error)], stompSubProtocol[processed CONNECT(0)-CONNECTED(0)-DISCONNECT(0)], stompBrokerRelay[null], inboundChannel[pool size = 0, active threads = 0, queued tasks = 0, completed tasks = 0], outboundChannel[pool size = 0, active threads = 0, queued tasks = 0, completed tasks = 0], sockJsScheduler[pool size = 2, active threads = 1, queued tasks = 0, completed tasks = 1]
2026-08-11 21:06:43 WARN  [HikariPool-1:housekeeper] com.zaxxer.hikari.pool.HikariPool - HikariPool-1 - Thread starvation or clock leap detected (housekeeper delta=10m45s154ms690µs).
2026-08-11 21:06:44 DEBUG [http-nio-8081-exec-1] o.s.security.web.FilterChainProxy - Securing OPTIONS /api/v1/projects
2026-08-11 21:06:44 DEBUG [http-nio-8081-exec-6] o.s.security.web.FilterChainProxy - Securing OPTIONS /api/v1/projects
2026-08-11 21:06:44 DEBUG [http-nio-8081-exec-8] o.s.security.web.FilterChainProxy - Securing GET /api/v1/projects
2026-08-11 21:06:44 DEBUG [http-nio-8081-exec-8] o.s.security.web.FilterChainProxy - Secured GET /api/v1/projects
2026-08-11 21:06:44 DEBUG [http-nio-8081-exec-7] o.s.security.web.FilterChainProxy - Securing GET /api/v1/projects
2026-08-11 21:06:44 DEBUG [http-nio-8081-exec-7] o.s.security.web.FilterChainProxy - Secured GET /api/v1/projects
2026-08-11 21:55:22 DEBUG [http-nio-8081-exec-4] o.s.security.web.FilterChainProxy - Securing OPTIONS /api/v1/projects
2026-08-11 21:55:22 DEBUG [http-nio-8081-exec-3] o.s.security.web.FilterChainProxy - Securing OPTIONS /api/v1/projects
2026-08-11 21:55:22 DEBUG [http-nio-8081-exec-10] o.s.security.web.FilterChainProxy - Securing GET /api/v1/projects
2026-08-11 21:55:22 DEBUG [http-nio-8081-exec-10] o.s.security.web.FilterChainProxy - Secured GET /api/v1/projects
2026-08-11 21:55:22 DEBUG [http-nio-8081-exec-10] o.s.security.web.FilterChainProxy - Securing GET /api/v1/projects
2026-08-11 21:55:22 DEBUG [http-nio-8081-exec-10] o.s.security.web.FilterChainProxy - Secured GET /api/v1/projects
2026-08-11 21:55:45 WARN  [HikariPool-1:housekeeper] com.zaxxer.hikari.pool.HikariPool - HikariPool-1 - Thread starvation or clock leap detected (housekeeper delta=49m2s46ms906µs200ns).
2026-08-11 22:03:49 INFO  [SpringApplicationShutdownHook] o.s.b.w.e.tomcat.GracefulShutdown - Commencing graceful shutdown. Waiting for active requests to complete
2026-08-11 22:03:49 INFO  [tomcat-shutdown] o.s.b.w.e.tomcat.GracefulShutdown - Graceful shutdown complete
2026-08-11 22:03:49 INFO  [SpringApplicationShutdownHook] o.s.m.s.b.SimpleBrokerMessageHandler - Stopping...
2026-08-11 22:03:49 INFO  [SpringApplicationShutdownHook] o.s.m.s.b.SimpleBrokerMessageHandler - BrokerAvailabilityEvent[available=false, SimpleBrokerMessageHandler [org.springframework.messaging.simp.broker.DefaultSubscriptionRegistry@d4ac63e]]
2026-08-11 22:03:49 INFO  [SpringApplicationShutdownHook] o.s.m.s.b.SimpleBrokerMessageHandler - Stopped.
2026-08-11 22:03:49 INFO  [SpringApplicationShutdownHook] o.s.o.j.LocalContainerEntityManagerFactoryBean - Closing JPA EntityManagerFactory for persistence unit 'default'
2026-08-11 22:03:49 INFO  [SpringApplicationShutdownHook] com.zaxxer.hikari.HikariDataSource - HikariPool-1 - Shutdown initiated...
2026-08-11 22:03:49 INFO  [SpringApplicationShutdownHook] com.zaxxer.hikari.HikariDataSource - HikariPool-1 - Shutdown completed.
